customer_id,age_group,gender,location
1,55+,Male,Medan
2,18-24,Male,Makassar
3,35-44,Female,Semarang
4,35-44,Female,Medan
5,45-54,Female,Palembang
6,18-24,Female,Jakarta
7,35-44,Male,Bandung
8,25-34,Female,Bandung
9,18-24,Female,Surabaya
10,45-54,Male,Yogyakarta
11,25-34,Female,Surabaya
12,18-24,Female,Medan
13,18-24,Male,Semarang
14,55+,Female,Makassar
15,35-44,Female,Bandung
16,18-24,Male,Jakarta
17,35-44,Female,Makassar
18,18-24,Female,Yogyakarta
19,25-34,Female,Semarang
20,18-24,Female,Makassar
21,25-34,Male,Medan
22,55+,Female,Bandung
23,18-24,Male,Makassar
24,18-24,Male,Jakarta
25,55+,Female,Semarang
26,25-34,Male,Makassar
27,18-24,Female,Makassar
28,55+,Male,Surabaya
29,55+,Female,Surabaya
30,25-34,Female,Yogyakarta
31,25-34,Female,Bandung
32,35-44,Male,Semarang
33,55+,Male,Bandung
34,45-54,Female,Palembang
35,45-54,Female,Palembang
36,18-24,Male,Jakarta
37,45-54,Male,Semarang
38,45-54,Male,Yogyakarta
39,55+,Female,Palembang
40,45-54,Female,Medan
41,55+,Female,Jakarta
42,25-34,Female,Yogyakarta
43,55+,Female,Medan
44,25-34,Male,Palembang
45,25-34,Male,Palembang
46,45-54,Female,Yogyakarta
47,35-44,Male,Makassar
48,25-34,Female,Bandung
49,45-54,Female,Bandung
50,25-34,Male,Makassar
51,45-54,Male,Yogyakarta
52,35-44,Male,Surabaya
53,55+,Female,Makassar
54,25-34,Male,Jakarta
55,18-24,Male,Makassar
56,25-34,Female,Makassar
57,35-44,Female,Jakarta
58,25-34,Female,Palembang
59,45-54,Female,Makassar
60,25-34,Female,Semarang
61,45-54,Female,Makassar
62,25-34,Male,Palembang
63,45-54,Female,Semarang
64,55+,Female,Semarang
65,35-44,Female,Jakarta
66,55+,Female,Makassar
67,25-34,Female,Jakarta
68,45-54,Female,Medan
69,25-34,Male,Palembang
70,35-44,Male,Medan
71,35-44,Male,Makassar
72,35-44,Male,Makassar
73,35-44,Female,Palembang
74,55+,Female,Makassar
75,18-24,Male,Makassar
76,55+,Male,Semarang
77,55+,Female,Bandung
78,25-34,Male,Makassar
79,55+,Male,Jakarta
80,45-54,Male,Medan
81,45-54,Male,Medan
82,18-24,Female,Palembang
83,35-44,Male,Makassar
84,35-44,Female,Semarang
85,35-44,Male,Semarang
86,25-34,Male,Jakarta
87,35-44,Male,Bandung
88,45-54,Female,Semarang
89,45-54,Male,Medan
90,18-24,Male,Bandung
91,55+,Female,Yogyakarta
92,25-34,Male,Makassar
93,45-54,Female,Yogyakarta
94,45-54,Female,Medan
95,18-24,Female,Bandung
96,35-44,Male,Makassar
97,55+,Female,Medan
98,55+,Female,Medan
99,18-24,Male,Makassar
100,25-34,Male,Semarang
101,55+,Female,Yogyakarta
102,45-54,Female,Yogyakarta
103,35-44,Female,Makassar
104,45-54,Male,Palembang
105,18-24,Female,Medan
106,18-24,Male,Semarang
107,25-34,Female,Makassar
108,35-44,Female,Surabaya
109,18-24,Male,Makassar
110,55+,Female,Makassar
111,35-44,Female,Makassar
112,35-44,Female,Jakarta
113,18-24,Male,Semarang
114,35-44,Female,Bandung
115,25-34,Female,Jakarta
116,35-44,Male,Medan
117,55+,Male,Surabaya
118,35-44,Female,Yogyakarta
119,55+,Male,Jakarta
120,35-44,Female,Semarang
121,55+,Male,Palembang
122,35-44,Female,Yogyakarta
123,45-54,Male,Bandung
124,18-24,Female,Makassar
125,25-34,Male,Palembang
126,18-24,Male,Bandung
127,55+,Female,Medan
128,35-44,Male,Semarang
129,45-54,Female,Makassar
130,25-34,Female,Surabaya
131,25-34,Female,Bandung
132,25-34,Female,Surabaya
133,25-34,Male,Semarang
134,45-54,Female,Surabaya
135,35-44,Female,Semarang
136,18-24,Female,Yogyakarta
137,25-34,Female,Medan
138,55+,Female,Semarang
139,35-44,Female,Makassar
140,25-34,Female,Palembang
141,45-54,Male,Semarang
142,18-24,Male,Jakarta
143,25-34,Male,Semarang
144,45-54,Female,Jakarta
145,18-24,Female,Makassar
146,18-24,Male,Medan
147,55+,Male,Jakarta
148,18-24,Male,Jakarta
149,55+,Male,Semarang
150,55+,Male,Bandung
151,55+,Female,Bandung
152,35-44,Male,Palembang
153,55+,Female,Medan
154,45-54,Female,Surabaya
155,55+,Male,Makassar
156,25-34,Male,Medan
157,45-54,Male,Bandung
158,35-44,Male,Surabaya
159,35-44,Male,Surabaya
160,35-44,Male,Palembang
161,18-24,Male,Yogyakarta
162,55+,Female,Bandung
163,25-34,Female,Jakarta
164,35-44,Female,Bandung
165,45-54,Female,Palembang
166,18-24,Male,Semarang
167,55+,Female,Makassar
168,55+,Female,Bandung
169,35-44,Male,Bandung
170,25-34,Female,Surabaya
171,25-34,Male,Medan
172,25-34,Male,Makassar
173,25-34,Male,Surabaya
174,55+,Male,Medan
175,45-54,Female,Surabaya
176,35-44,Female,Semarang
177,45-54,Female,Surabaya
178,18-24,Male,Yogyakarta
179,25-34,Male,Jakarta
180,18-24,Male,Bandung
181,35-44,Female,Yogyakarta
182,45-54,Male,Semarang
183,45-54,Male,Semarang
184,55+,Male,Bandung
185,18-24,Male,Semarang
186,25-34,Male,Semarang
187,25-34,Female,Surabaya
188,35-44,Male,Palembang
189,25-34,Male,Surabaya
190,35-44,Female,Medan
191,25-34,Male,Surabaya
192,55+,Male,Surabaya
193,55+,Female,Yogyakarta
194,18-24,Male,Makassar
195,45-54,Female,Makassar
196,45-54,Female,Jakarta
197,35-44,Male,Surabaya
198,45-54,Female,Bandung
199,18-24,Male,Bandung
200,18-24,Female,Surabaya
201,18-24,Female,Yogyakarta
202,35-44,Female,Palembang
203,35-44,Female,Makassar
204,55+,Female,Surabaya
205,45-54,Male,Yogyakarta
206,55+,Female,Jakarta
207,25-34,Female,Surabaya
208,35-44,Male,Medan
209,18-24,Male,Jakarta
210,35-44,Female,Surabaya
211,35-44,Female,Palembang
212,45-54,Male,Semarang
213,25-34,Female,Surabaya
214,35-44,Female,Surabaya
215,25-34,Female,Medan
216,25-34,Female,Jakarta
217,45-54,Male,Yogyakarta
218,18-24,Female,Semarang
219,18-24,Female,Bandung
220,45-54,Male,Semarang
221,55+,Female,Makassar
222,18-24,Male,Medan
223,35-44,Male,Medan
224,55+,Female,Palembang
225,25-34,Male,Makassar
226,55+,Male,Medan
227,25-34,Female,Yogyakarta
228,25-34,Male,Surabaya
229,25-34,Female,Makassar
230,45-54,Female,Yogyakarta
231,18-24,Female,Medan
232,55+,Male,Medan
233,55+,Female,Jakarta
234,25-34,Female,Yogyakarta
235,35-44,Male,Yogyakarta
236,18-24,Male,Makassar
237,35-44,Female,Palembang
238,35-44,Male,Medan
239,35-44,Female,Yogyakarta
240,45-54,Male,Palembang
241,35-44,Female,Palembang
242,35-44,Male,Semarang
243,55+,Male,Makassar
244,25-34,Female,Surabaya
245,35-44,Male,Palembang
246,55+,Male,Surabaya
247,25-34,Female,Semarang
248,18-24,Male,Surabaya
249,45-54,Female,Palembang
250,35-44,Female,Semarang
251,18-24,Female,Palembang
252,35-44,Male,Makassar
253,18-24,Male,Semarang
254,35-44,Female,Jakarta
255,25-34,Male,Palembang
256,55+,Male,Surabaya
257,18-24,Female,Medan
258,55+,Male,Palembang
259,18-24,Female,Makassar
260,45-54,Female,Surabaya
261,35-44,Female,Semarang
262,18-24,Female,Palembang
263,25-34,Male,Palembang
264,45-54,Male,Yogyakarta
265,25-34,Male,Semarang
266,18-24,Female,Makassar
267,18-24,Male,Makassar
268,55+,Male,Jakarta
269,55+,Female,Makassar
270,18-24,Female,Bandung
271,45-54,Female,Medan
272,45-54,Female,Palembang
273,18-24,Male,Semarang
274,25-34,Male,Yogyakarta
275,25-34,Male,Yogyakarta
276,35-44,Male,Semarang
277,55+,Male,Makassar
278,18-24,Female,Jakarta
279,35-44,Male,Palembang
280,25-34,Male,Palembang
281,55+,Female,Makassar
282,55+,Male,Medan
283,45-54,Female,Palembang
284,35-44,Female,Jakarta
285,35-44,Female,Surabaya
286,25-34,Male,Jakarta
287,18-24,Male,Palembang
288,45-54,Female,Bandung
289,25-34,Male,Bandung
290,25-34,Female,Yogyakarta
291,18-24,Male,Surabaya
292,45-54,Female,Bandung
293,55+,Male,Medan
294,18-24,Male,Palembang
295,55+,Male,Jakarta
296,55+,Male,Medan
297,35-44,Male,Palembang
298,18-24,Male,Bandung
299,18-24,Male,Medan
300,25-34,Female,Palembang
301,25-34,Male,Jakarta
302,45-54,Female,Jakarta
303,25-34,Female,Medan
304,25-34,Male,Surabaya
305,35-44,Male,Medan
306,18-24,Male,Surabaya
307,35-44,Male,Makassar
308,55+,Female,Surabaya
309,25-34,Male,Surabaya
310,55+,Male,Bandung
311,18-24,Male,Semarang
312,25-34,Male,Surabaya
313,45-54,Female,Bandung
314,18-24,Female,Jakarta
315,18-24,Female,Surabaya
316,35-44,Male,Makassar
317,35-44,Male,Bandung
318,55+,Male,Semarang
319,55+,Female,Yogyakarta
320,25-34,Male,Jakarta
321,55+,Male,Medan
322,55+,Female,Makassar
323,35-44,Male,Makassar
324,35-44,Male,Jakarta
325,55+,Female,Surabaya
326,18-24,Male,Medan
327,55+,Male,Yogyakarta
328,45-54,Female,Makassar
329,45-54,Female,Bandung
330,55+,Female,Yogyakarta
331,45-54,Male,Makassar
332,18-24,Male,Medan
333,25-34,Female,Makassar
334,45-54,Female,Jakarta
335,18-24,Female,Surabaya
336,25-34,Male,Palembang
337,18-24,Male,Medan
338,45-54,Male,Jakarta
339,18-24,Female,Semarang
340,55+,Male,Semarang
341,55+,Male,Jakarta
342,18-24,Female,Surabaya
343,55+,Female,Semarang
344,18-24,Female,Jakarta
345,35-44,Male,Semarang
346,55+,Male,Makassar
347,45-54,Female,Yogyakarta
348,55+,Male,Semarang
349,45-54,Male,Bandung
350,45-54,Female,Medan
351,55+,Male,Makassar
352,25-34,Male,Yogyakarta
353,25-34,Male,Yogyakarta
354,35-44,Female,Palembang
355,55+,Female,Makassar
356,55+,Female,Medan
357,55+,Female,Yogyakarta
358,18-24,Male,Medan
359,45-54,Male,Semarang
360,35-44,Male,Semarang
361,45-54,Male,Yogyakarta
362,25-34,Male,Makassar
363,45-54,Female,Semarang
364,18-24,Male,Surabaya
365,18-24,Male,Surabaya
366,25-34,Female,Medan
367,35-44,Male,Semarang
368,18-24,Female,Semarang
369,18-24,Female,Semarang
370,45-54,Male,Medan
371,18-24,Male,Yogyakarta
372,55+,Male,Semarang
373,45-54,Female,Surabaya
374,55+,Female,Medan
375,55+,Male,Makassar
376,35-44,Female,Bandung
377,25-34,Female,Makassar
378,35-44,Female,Jakarta
379,35-44,Female,Surabaya
380,55+,Female,Jakarta
381,35-44,Male,Medan
382,55+,Male,Medan
383,55+,Female,Medan
384,55+,Female,Makassar
385,45-54,Male,Semarang
386,18-24,Male,Makassar
387,55+,Female,Surabaya
388,18-24,Female,Palembang
389,35-44,Female,Bandung
390,45-54,Female,Makassar
391,45-54,Female,Bandung
392,18-24,Male,Medan
393,25-34,Female,Surabaya
394,25-34,Female,Medan
395,55+,Female,Bandung
396,18-24,Male,Jakarta
397,45-54,Female,Bandung
398,35-44,Male,Yogyakarta
399,25-34,Female,Palembang
400,25-34,Male,Jakarta
401,55+,Male,Yogyakarta
402,25-34,Male,Surabaya
403,55+,Female,Makassar
404,18-24,Female,Makassar
405,45-54,Male,Medan
406,18-24,Female,Medan
407,55+,Female,Medan
408,35-44,Female,Palembang
409,18-24,Male,Bandung
410,45-54,Male,Makassar
411,18-24,Female,Medan
412,55+,Female,Yogyakarta
413,18-24,Male,Bandung
414,55+,Male,Jakarta
415,35-44,Female,Surabaya
416,45-54,Male,Palembang
417,35-44,Female,Jakarta
418,25-34,Male,Yogyakarta
419,35-44,Male,Palembang
420,18-24,Male,Jakarta
421,18-24,Male,Palembang
422,55+,Female,Palembang
423,55+,Male,Medan
424,45-54,Female,Palembang
425,25-34,Male,Makassar
426,35-44,Male,Yogyakarta
427,18-24,Female,Bandung
428,35-44,Female,Semarang
429,18-24,Female,Yogyakarta
430,45-54,Female,Semarang
431,25-34,Male,Palembang
432,35-44,Female,Yogyakarta
433,55+,Female,Palembang
434,45-54,Female,Jakarta
435,35-44,Female,Palembang
436,18-24,Female,Makassar
437,18-24,Female,Palembang
438,18-24,Male,Yogyakarta
439,25-34,Male,Jakarta
440,35-44,Male,Jakarta
441,55+,Female,Medan
442,25-34,Female,Palembang
443,35-44,Female,Medan
444,35-44,Male,Makassar
445,25-34,Male,Medan
446,25-34,Female,Palembang
447,18-24,Male,Makassar
448,25-34,Female,Makassar
449,25-34,Female,Yogyakarta
450,55+,Female,Medan
451,45-54,Female,Surabaya
452,55+,Male,Semarang
453,55+,Male,Surabaya
454,18-24,Male,Makassar
455,35-44,Female,Makassar
456,45-54,Male,Palembang
457,18-24,Male,Bandung
458,25-34,Male,Makassar
459,25-34,Female,Surabaya
460,45-54,Female,Makassar
461,55+,Female,Yogyakarta
462,18-24,Male,Jakarta
463,45-54,Female,Semarang
464,25-34,Female,Semarang
465,18-24,Male,Jakarta
466,18-24,Female,Jakarta
467,35-44,Female,Bandung
468,18-24,Female,Surabaya
469,18-24,Female,Jakarta
470,35-44,Female,Surabaya
471,25-34,Male,Jakarta
472,18-24,Female,Bandung
473,55+,Female,Jakarta
474,18-24,Male,Makassar
475,18-24,Female,Jakarta
476,45-54,Male,Palembang
477,35-44,Male,Surabaya
478,25-34,Female,Makassar
479,45-54,Female,Yogyakarta
480,18-24,Male,Jakarta
481,35-44,Female,Semarang
482,25-34,Female,Jakarta
483,45-54,Male,Surabaya
484,55+,Male,Makassar
485,45-54,Male,Palembang
486,25-34,Male,Yogyakarta
487,25-34,Male,Palembang
488,35-44,Male,Surabaya
489,55+,Female,Palembang
490,35-44,Female,Palembang
491,18-24,Male,Bandung
492,18-24,Male,Semarang
493,18-24,Male,Palembang
494,55+,Male,Bandung
495,18-24,Male,Jakarta
496,35-44,Female,Yogyakarta
497,35-44,Female,Medan
498,55+,Male,Surabaya
499,35-44,Male,Surabaya
500,25-34,Female,Yogyakarta
501,45-54,Female,Makassar
502,25-34,Male,Yogyakarta
503,55+,Female,Bandung
504,35-44,Male,Makassar
505,55+,Female,Semarang
506,45-54,Female,Semarang
507,45-54,Male,Semarang
508,25-34,Female,Yogyakarta
509,18-24,Male,Jakarta
510,45-54,Male,Surabaya
511,18-24,Male,Medan
512,18-24,Male,Surabaya
513,55+,Female,Yogyakarta
514,35-44,Male,Jakarta
515,55+,Male,Medan
516,35-44,Male,Jakarta
517,55+,Female,Makassar
518,25-34,Female,Bandung
519,25-34,Female,Medan
520,35-44,Male,Bandung
521,55+,Male,Yogyakarta
522,55+,Male,Yogyakarta
523,18-24,Male,Semarang
524,18-24,Male,Bandung
525,45-54,Female,Surabaya
526,25-34,Female,Surabaya
527,45-54,Female,Jakarta
528,35-44,Male,Surabaya
529,35-44,Female,Surabaya
530,35-44,Male,Semarang
531,55+,Male,Semarang
532,18-24,Female,Medan
533,18-24,Female,Semarang
534,45-54,Male,Medan
535,55+,Female,Medan
536,25-34,Male,Semarang
537,18-24,Male,Jakarta
538,35-44,Female,Yogyakarta
539,18-24,Male,Yogyakarta
540,18-24,Female,Palembang
541,55+,Female,Yogyakarta
542,18-24,Female,Palembang
543,55+,Male,Makassar
544,45-54,Male,Semarang
545,55+,Male,Semarang
546,18-24,Female,Bandung
547,55+,Male,Bandung
548,55+,Female,Makassar
549,18-24,Female,Yogyakarta
550,25-34,Male,Surabaya
551,25-34,Female,Yogyakarta
552,25-34,Male,Medan
553,18-24,Female,Medan
554,25-34,Female,Yogyakarta
555,18-24,Male,Palembang
556,25-34,Female,Bandung
557,35-44,Female,Bandung
558,45-54,Male,Yogyakarta
559,45-54,Female,Yogyakarta
560,35-44,Male,Makassar
561,45-54,Male,Surabaya
562,45-54,Female,Makassar
563,55+,Male,Jakarta
564,45-54,Male,Bandung
565,55+,Female,Surabaya
566,35-44,Male,Yogyakarta
567,55+,Male,Bandung
568,18-24,Male,Semarang
569,18-24,Female,Medan
570,45-54,Female,Yogyakarta
571,55+,Female,Jakarta
572,25-34,Female,Jakarta
573,25-34,Male,Bandung
574,25-34,Female,Semarang
575,35-44,Male,Surabaya
576,18-24,Female,Surabaya
577,45-54,Male,Semarang
578,18-24,Male,Makassar
579,55+,Female,Surabaya
580,55+,Male,Surabaya
581,25-34,Female,Medan
582,45-54,Female,Medan
583,45-54,Female,Jakarta
584,18-24,Male,Makassar
585,18-24,Male,Bandung
586,55+,Female,Medan
587,18-24,Female,Bandung
588,55+,Male,Yogyakarta
589,45-54,Male,Bandung
590,25-34,Male,Palembang
591,45-54,Male,Medan
592,45-54,Male,Medan
593,18-24,Female,Bandung
594,35-44,Female,Surabaya
595,18-24,Female,Jakarta
596,18-24,Male,Jakarta
597,55+,Female,Bandung
598,18-24,Female,Medan
599,18-24,Female,Bandung
600,25-34,Female,Bandung
601,18-24,Male,Medan
602,45-54,Female,Bandung
603,45-54,Female,Palembang
604,55+,Female,Bandung
605,25-34,Male,Surabaya
606,45-54,Male,Medan
607,55+,Male,Semarang
608,18-24,Female,Semarang
609,55+,Male,Semarang
610,25-34,Female,Yogyakarta
611,45-54,Female,Yogyakarta
612,55+,Female,Bandung
613,35-44,Female,Yogyakarta
614,18-24,Male,Medan
615,35-44,Male,Medan
616,18-24,Female,Semarang
617,18-24,Male,Surabaya
618,55+,Male,Palembang
619,35-44,Female,Medan
620,45-54,Male,Palembang
621,45-54,Female,Surabaya
622,18-24,Female,Bandung
623,55+,Female,Bandung
624,25-34,Male,Medan
625,35-44,Male,Yogyakarta
626,25-34,Male,Surabaya
627,25-34,Male,Yogyakarta
628,45-54,Male,Palembang
629,45-54,Female,Jakarta
630,35-44,Male,Medan
631,45-54,Female,Palembang
632,55+,Male,Surabaya
633,55+,Female,Semarang
634,35-44,Male,Surabaya
635,25-34,Female,Semarang
636,35-44,Male,Jakarta
637,45-54,Male,Jakarta
638,55+,Male,Semarang
639,45-54,Female,Makassar
640,25-34,Male,Yogyakarta
641,18-24,Male,Jakarta
642,55+,Female,Jakarta
643,25-34,Female,Palembang
644,18-24,Male,Bandung
645,45-54,Female,Palembang
646,18-24,Female,Makassar
647,35-44,Female,Palembang
648,55+,Female,Bandung
649,18-24,Female,Jakarta
650,55+,Male,Surabaya
651,25-34,Male,Makassar
652,45-54,Male,Semarang
653,45-54,Male,Jakarta
654,55+,Male,Makassar
655,25-34,Male,Yogyakarta
656,55+,Female,Jakarta
657,25-34,Male,Palembang
658,18-24,Male,Jakarta
659,18-24,Female,Bandung
660,18-24,Male,Palembang
661,25-34,Female,Bandung
662,18-24,Female,Yogyakarta
663,45-54,Male,Yogyakarta
664,55+,Male,Medan
665,35-44,Male,Yogyakarta
666,18-24,Female,Makassar
667,55+,Female,Makassar
668,35-44,Female,Bandung
669,45-54,Female,Semarang
670,35-44,Female,Medan
671,25-34,Male,Surabaya
672,55+,Female,Medan
673,18-24,Male,Surabaya
674,25-34,Female,Palembang
675,55+,Male,Makassar
676,45-54,Female,Medan
677,18-24,Female,Yogyakarta
678,25-34,Female,Semarang
679,18-24,Male,Yogyakarta
680,45-54,Male,Medan
681,18-24,Female,Bandung
682,45-54,Female,Semarang
683,45-54,Female,Jakarta
684,55+,Male,Palembang
685,45-54,Male,Jakarta
686,25-34,Male,Makassar
687,55+,Male,Yogyakarta
688,25-34,Female,Semarang
689,25-34,Male,Yogyakarta
690,55+,Male,Makassar
691,18-24,Female,Yogyakarta
692,18-24,Male,Surabaya
693,18-24,Female,Semarang
694,25-34,Female,Makassar
695,35-44,Female,Surabaya
696,45-54,Female,Yogyakarta
697,18-24,Male,Yogyakarta
698,18-24,Female,Palembang
699,35-44,Female,Semarang
700,25-34,Female,Jakarta
701,45-54,Female,Surabaya
702,25-34,Female,Jakarta
703,45-54,Male,Palembang
704,35-44,Male,Semarang
705,55+,Female,Surabaya
706,35-44,Male,Bandung
707,35-44,Female,Palembang
708,25-34,Female,Semarang
709,25-34,Female,Yogyakarta
710,35-44,Male,Bandung
711,25-34,Female,Semarang
712,18-24,Female,Medan
713,35-44,Male,Makassar
714,45-54,Male,Semarang
715,18-24,Female,Makassar
716,25-34,Female,Surabaya
717,25-34,Male,Yogyakarta
718,55+,Female,Yogyakarta
719,55+,Female,Surabaya
720,45-54,Female,Surabaya
721,55+,Female,Makassar
722,18-24,Female,Medan
723,45-54,Male,Palembang
724,18-24,Male,Medan
725,45-54,Female,Yogyakarta
726,35-44,Female,Yogyakarta
727,45-54,Female,Surabaya
728,25-34,Male,Semarang
729,35-44,Male,Palembang
730,45-54,Male,Jakarta
731,35-44,Male,Makassar
732,18-24,Female,Jakarta
733,18-24,Male,Surabaya
734,25-34,Female,Medan
735,55+,Male,Surabaya
736,25-34,Female,Bandung
737,45-54,Female,Surabaya
738,45-54,Female,Jakarta
739,55+,Female,Bandung
740,25-34,Male,Palembang
741,25-34,Male,Medan
742,35-44,Female,Bandung
743,45-54,Male,Medan
744,18-24,Female,Makassar
745,18-24,Male,Bandung
746,35-44,Male,Bandung
747,45-54,Female,Makassar
748,18-24,Female,Jakarta
749,35-44,Male,Medan
750,25-34,Female,Bandung
751,45-54,Male,Jakarta
752,35-44,Male,Jakarta
753,18-24,Female,Makassar
754,25-34,Male,Palembang
755,55+,Female,Bandung
756,55+,Male,Makassar
757,35-44,Female,Makassar
758,55+,Male,Makassar
759,18-24,Female,Yogyakarta
760,35-44,Male,Makassar
761,18-24,Female,Jakarta
762,25-34,Male,Surabaya
763,55+,Female,Makassar
764,18-24,Male,Surabaya
765,25-34,Male,Semarang
766,25-34,Female,Bandung
767,18-24,Male,Bandung
768,18-24,Male,Jakarta
769,45-54,Male,Medan
770,55+,Male,Makassar
771,45-54,Male,Yogyakarta
772,25-34,Female,Palembang
773,25-34,Male,Semarang
774,18-24,Female,Surabaya
775,45-54,Male,Semarang
776,55+,Female,Yogyakarta
777,55+,Female,Semarang
778,35-44,Male,Bandung
779,25-34,Male,Palembang
780,35-44,Female,Jakarta
781,55+,Male,Semarang
782,35-44,Female,Palembang
783,25-34,Male,Palembang
784,25-34,Female,Bandung
785,35-44,Male,Makassar
786,25-34,Male,Palembang
787,18-24,Male,Semarang
788,55+,Male,Medan
789,18-24,Male,Palembang
790,55+,Male,Palembang
791,25-34,Female,Makassar
792,55+,Male,Surabaya
793,18-24,Female,Surabaya
794,18-24,Male,Medan
795,35-44,Female,Semarang
796,18-24,Female,Yogyakarta
797,35-44,Male,Palembang
798,18-24,Female,Yogyakarta
799,35-44,Male,Makassar
800,35-44,Male,Semarang
801,35-44,Male,Surabaya
802,25-34,Female,Medan
803,25-34,Female,Palembang
804,25-34,Male,Medan
805,55+,Male,Semarang
806,55+,Male,Palembang
807,55+,Female,Yogyakarta
808,35-44,Male,Palembang
809,35-44,Male,Palembang
810,55+,Male,Makassar
811,55+,Female,Medan
812,25-34,Male,Palembang
813,25-34,Male,Medan
814,25-34,Female,Palembang
815,55+,Female,Makassar
816,18-24,Male,Medan
817,18-24,Female,Yogyakarta
818,35-44,Male,Bandung
819,55+,Male,Yogyakarta
820,55+,Male,Surabaya
821,18-24,Male,Palembang
822,18-24,Female,Jakarta
823,25-34,Male,Jakarta
824,18-24,Male,Yogyakarta
825,55+,Male,Semarang
826,25-34,Female,Palembang
827,35-44,Male,Yogyakarta
828,18-24,Male,Makassar
829,55+,Female,Surabaya
830,45-54,Male,Palembang
831,55+,Male,Jakarta
832,25-34,Female,Bandung
833,35-44,Male,Medan
834,18-24,Male,Makassar
835,35-44,Female,Semarang
836,55+,Female,Bandung
837,55+,Male,Palembang
838,35-44,Male,Surabaya
839,18-24,Female,Palembang
840,55+,Male,Yogyakarta
841,45-54,Female,Surabaya
842,45-54,Female,Yogyakarta
843,25-34,Male,Semarang
844,35-44,Female,Yogyakarta
845,55+,Female,Yogyakarta
846,35-44,Male,Medan
847,45-54,Female,Jakarta
848,55+,Female,Yogyakarta
849,35-44,Female,Makassar
850,55+,Female,Bandung
851,25-34,Male,Makassar
852,35-44,Male,Palembang
853,45-54,Female,Jakarta
854,35-44,Female,Medan
855,25-34,Female,Makassar
856,45-54,Female,Semarang
857,18-24,Female,Bandung
858,55+,Female,Palembang
859,25-34,Female,Surabaya
860,35-44,Male,Surabaya
861,35-44,Male,Bandung
862,55+,Female,Semarang
863,35-44,Female,Surabaya
864,18-24,Male,Jakarta
865,55+,Female,Bandung
866,45-54,Female,Bandung
867,55+,Male,Makassar
868,45-54,Female,Palembang
869,45-54,Female,Semarang
870,45-54,Male,Surabaya
871,45-54,Female,Makassar
872,25-34,Male,Bandung
873,35-44,Female,Makassar
874,55+,Male,Surabaya
875,45-54,Female,Makassar
876,55+,Male,Semarang
877,18-24,Male,Semarang
878,18-24,Female,Medan
879,25-34,Female,Surabaya
880,18-24,Female,Jakarta
881,35-44,Female,Jakarta
882,35-44,Female,Palembang
883,35-44,Male,Yogyakarta
884,45-54,Female,Jakarta
885,55+,Male,Yogyakarta
886,18-24,Female,Makassar
887,55+,Female,Palembang
888,18-24,Male,Yogyakarta
889,25-34,Male,Surabaya
890,55+,Male,Semarang
891,18-24,Male,Medan
892,35-44,Male,Yogyakarta
893,55+,Female,Palembang
894,55+,Female,Yogyakarta
895,18-24,Male,Jakarta
896,55+,Male,Makassar
897,25-34,Male,Semarang
898,35-44,Male,Surabaya
899,55+,Male,Bandung
900,35-44,Male,Yogyakarta
901,45-54,Male,Palembang
902,55+,Male,Jakarta
903,35-44,Male,Surabaya
904,45-54,Male,Yogyakarta
905,45-54,Male,Jakarta
906,35-44,Female,Surabaya
907,18-24,Male,Makassar
908,18-24,Male,Yogyakarta
909,35-44,Female,Jakarta
910,25-34,Male,Jakarta
911,45-54,Female,Medan
912,25-34,Male,Palembang
913,55+,Female,Bandung
914,55+,Male,Medan
915,35-44,Male,Jakarta
916,55+,Male,Jakarta
917,45-54,Male,Makassar
918,55+,Female,Jakarta
919,25-34,Female,Surabaya
920,35-44,Female,Jakarta
921,45-54,Male,Bandung
922,18-24,Female,Makassar
923,18-24,Male,Palembang
924,45-54,Male,Jakarta
925,35-44,Female,Palembang
926,55+,Male,Semarang
927,25-34,Female,Bandung
928,18-24,Male,Yogyakarta
929,18-24,Female,Bandung
930,55+,Female,Jakarta
931,18-24,Male,Semarang
932,25-34,Male,Surabaya
933,25-34,Male,Yogyakarta
934,18-24,Male,Palembang
935,35-44,Female,Semarang
936,55+,Female,Jakarta
937,18-24,Male,Jakarta
938,18-24,Male,Palembang
939,25-34,Female,Semarang
940,55+,Female,Makassar
941,45-54,Female,Semarang
942,35-44,Male,Makassar
943,18-24,Female,Medan
944,55+,Male,Semarang
945,18-24,Male,Bandung
946,25-34,Female,Bandung
947,18-24,Male,Medan
948,25-34,Male,Bandung
949,55+,Female,Jakarta
950,18-24,Male,Semarang
951,55+,Male,Jakarta
952,55+,Female,Semarang
953,55+,Female,Jakarta
954,25-34,Male,Medan
955,55+,Female,Surabaya
956,35-44,Female,Palembang
957,55+,Male,Medan
958,25-34,Female,Palembang
959,45-54,Male,Yogyakarta
960,18-24,Male,Palembang
961,35-44,Female,Makassar
962,18-24,Female,Surabaya
963,55+,Female,Medan
964,18-24,Male,Jakarta
965,25-34,Female,Medan
966,45-54,Male,Medan
967,25-34,Female,Jakarta
968,55+,Male,Surabaya
969,35-44,Male,Yogyakarta
970,35-44,Female,Surabaya
971,45-54,Female,Palembang
972,45-54,Male,Surabaya
973,45-54,Female,Makassar
974,55+,Male,Palembang
975,45-54,Male,Yogyakarta
976,55+,Male,Semarang
977,18-24,Female,Surabaya
978,18-24,Male,Medan
979,45-54,Female,Yogyakarta
980,25-34,Male,Surabaya
981,25-34,Male,Yogyakarta
982,55+,Male,Palembang
983,55+,Female,Makassar
984,35-44,Male,Jakarta
985,55+,Female,Yogyakarta
986,25-34,Male,Medan
987,25-34,Female,Makassar
988,45-54,Male,Medan
989,18-24,Female,Surabaya
990,25-34,Female,Semarang
991,35-44,Female,Medan
992,35-44,Male,Semarang
993,25-34,Male,Palembang
994,55+,Female,Jakarta
995,25-34,Female,Makassar
996,25-34,Female,Yogyakarta
997,55+,Male,Semarang
998,45-54,Male,Semarang
999,45-54,Male,Bandung
1000,55+,Female,Medan
1001,55+,Female,Makassar
1002,45-54,Female,Yogyakarta
1003,25-34,Male,Yogyakarta
1004,25-34,Male,Bandung
1005,18-24,Male,Surabaya
1006,18-24,Male,Yogyakarta
1007,35-44,Female,Semarang
1008,18-24,Male,Makassar
1009,45-54,Male,Makassar
1010,25-34,Male,Surabaya
1011,25-34,Female,Semarang
1012,18-24,Female,Semarang
1013,45-54,Female,Makassar
1014,55+,Female,Makassar
1015,25-34,Male,Palembang
1016,18-24,Female,Yogyakarta
1017,35-44,Male,Bandung
1018,55+,Male,Jakarta
1019,18-24,Male,Surabaya
1020,35-44,Female,Semarang
1021,35-44,Male,Semarang
1022,18-24,Female,Medan
1023,45-54,Male,Makassar
1024,45-54,Female,Palembang
1025,18-24,Female,Surabaya
1026,25-34,Male,Jakarta
1027,25-34,Male,Jakarta
1028,55+,Female,Medan
1029,25-34,Female,Jakarta
1030,35-44,Male,Medan
1031,55+,Male,Jakarta
1032,35-44,Male,Jakarta
1033,25-34,Male,Palembang
1034,35-44,Male,Jakarta
1035,35-44,Male,Surabaya
1036,25-34,Male,Bandung
1037,45-54,Female,Medan
1038,25-34,Female,Medan
1039,35-44,Female,Surabaya
1040,25-34,Female,Semarang
1041,25-34,Female,Surabaya
1042,25-34,Female,Jakarta
1043,25-34,Female,Palembang
1044,25-34,Male,Yogyakarta
1045,45-54,Female,Bandung
1046,45-54,Male,Semarang
1047,25-34,Female,Medan
1048,35-44,Female,Bandung
1049,35-44,Female,Jakarta
1050,35-44,Male,Jakarta
1051,55+,Female,Jakarta
1052,35-44,Female,Yogyakarta
1053,55+,Female,Semarang
1054,35-44,Male,Semarang
1055,18-24,Male,Makassar
1056,25-34,Female,Makassar
1057,55+,Female,Palembang
1058,45-54,Male,Surabaya
1059,55+,Male,Palembang
1060,45-54,Male,Makassar
1061,25-34,Female,Medan
1062,35-44,Female,Makassar
1063,18-24,Female,Surabaya
1064,18-24,Male,Bandung
1065,35-44,Male,Makassar
1066,45-54,Female,Surabaya
1067,35-44,Female,Medan
1068,18-24,Female,Makassar
1069,55+,Male,Surabaya
1070,55+,Male,Palembang
1071,55+,Male,Semarang
1072,45-54,Male,Palembang
1073,35-44,Male,Semarang
1074,18-24,Female,Medan
1075,18-24,Male,Semarang
1076,55+,Female,Medan
1077,45-54,Female,Bandung
1078,25-34,Male,Makassar
1079,18-24,Male,Medan
1080,35-44,Male,Bandung
1081,45-54,Female,Makassar
1082,25-34,Male,Medan
1083,35-44,Female,Bandung
1084,45-54,Female,Yogyakarta
1085,18-24,Female,Palembang
1086,18-24,Male,Bandung
1087,45-54,Male,Jakarta
1088,55+,Female,Jakarta
1089,35-44,Male,Makassar
1090,18-24,Male,Yogyakarta
1091,55+,Male,Makassar
1092,35-44,Male,Medan
1093,45-54,Female,Palembang
1094,55+,Male,Surabaya
1095,18-24,Male,Makassar
1096,55+,Female,Semarang
1097,45-54,Male,Yogyakarta
1098,18-24,Male,Semarang
1099,35-44,Female,Bandung
1100,35-44,Male,Yogyakarta
1101,25-34,Male,Yogyakarta
1102,55+,Female,Bandung
1103,55+,Female,Medan
1104,55+,Male,Makassar
1105,18-24,Female,Jakarta
1106,35-44,Male,Yogyakarta
1107,45-54,Female,Semarang
1108,25-34,Male,Semarang
1109,45-54,Female,Medan
1110,35-44,Female,Makassar
1111,18-24,Male,Medan
1112,35-44,Male,Jakarta
1113,18-24,Female,Bandung
1114,35-44,Female,Palembang
1115,18-24,Female,Semarang
1116,25-34,Female,Surabaya
1117,35-44,Female,Semarang
1118,25-34,Male,Yogyakarta
1119,25-34,Male,Bandung
1120,35-44,Female,Makassar
1121,55+,Male,Surabaya
1122,35-44,Male,Jakarta
1123,25-34,Female,Palembang
1124,18-24,Male,Yogyakarta
1125,55+,Female,Yogyakarta
1126,55+,Male,Semarang
1127,18-24,Male,Surabaya
1128,55+,Female,Palembang
1129,45-54,Female,Yogyakarta
1130,25-34,Male,Palembang
1131,55+,Female,Makassar
1132,45-54,Male,Yogyakarta
1133,35-44,Male,Surabaya
1134,18-24,Female,Bandung
1135,45-54,Male,Makassar
1136,55+,Male,Surabaya
1137,25-34,Female,Palembang
1138,45-54,Male,Bandung
1139,45-54,Male,Bandung
1140,18-24,Male,Jakarta
1141,25-34,Male,Bandung
1142,55+,Male,Bandung
1143,55+,Male,Semarang
1144,45-54,Male,Jakarta
1145,35-44,Male,Palembang
1146,55+,Male,Makassar
1147,25-34,Female,Jakarta
1148,25-34,Female,Semarang
1149,18-24,Female,Bandung
1150,18-24,Female,Yogyakarta
1151,25-34,Male,Medan
1152,18-24,Female,Bandung
1153,35-44,Male,Yogyakarta
1154,18-24,Male,Surabaya
1155,55+,Male,Semarang
1156,45-54,Male,Semarang
1157,18-24,Female,Semarang
1158,18-24,Male,Medan
1159,45-54,Female,Makassar
1160,55+,Female,Yogyakarta
1161,35-44,Male,Medan
1162,25-34,Female,Palembang
1163,45-54,Female,Jakarta
1164,45-54,Male,Semarang
1165,55+,Male,Semarang
1166,35-44,Male,Palembang
1167,55+,Male,Makassar
1168,45-54,Female,Jakarta
1169,55+,Male,Yogyakarta
1170,18-24,Male,Palembang
1171,18-24,Female,Yogyakarta
1172,55+,Male,Surabaya
1173,18-24,Female,Surabaya
1174,45-54,Female,Semarang
1175,25-34,Male,Semarang
1176,45-54,Male,Makassar
1177,25-34,Female,Medan
1178,55+,Female,Palembang
1179,35-44,Female,Jakarta
1180,18-24,Female,Yogyakarta
1181,45-54,Female,Jakarta
1182,18-24,Male,Jakarta
1183,18-24,Male,Surabaya
1184,25-34,Male,Surabaya
1185,55+,Male,Palembang
1186,55+,Female,Bandung
1187,18-24,Male,Jakarta
1188,18-24,Female,Surabaya
1189,18-24,Female,Jakarta
1190,35-44,Male,Palembang
1191,25-34,Male,Palembang
1192,18-24,Female,Yogyakarta
1193,55+,Female,Jakarta
1194,18-24,Male,Surabaya
1195,35-44,Female,Surabaya
1196,45-54,Male,Bandung
1197,18-24,Male,Makassar
1198,55+,Male,Jakarta
1199,35-44,Female,Yogyakarta
1200,35-44,Male,Makassar
1201,35-44,Female,Yogyakarta
1202,35-44,Female,Medan
1203,18-24,Male,Semarang
1204,55+,Male,Surabaya
1205,35-44,Male,Bandung
1206,25-34,Male,Yogyakarta
1207,18-24,Female,Jakarta
1208,18-24,Male,Medan
1209,18-24,Female,Yogyakarta
1210,18-24,Male,Yogyakarta
1211,25-34,Male,Bandung
1212,35-44,Male,Surabaya
1213,45-54,Male,Bandung
1214,25-34,Male,Surabaya
1215,35-44,Male,Medan
1216,45-54,Female,Palembang
1217,45-54,Male,Surabaya
1218,55+,Female,Bandung
1219,18-24,Female,Surabaya
1220,25-34,Female,Bandung
1221,35-44,Female,Surabaya
1222,25-34,Male,Surabaya
1223,35-44,Male,Yogyakarta
1224,35-44,Female,Medan
1225,45-54,Male,Bandung
1226,35-44,Female,Semarang
1227,25-34,Female,Jakarta
1228,18-24,Female,Makassar
1229,35-44,Male,Yogyakarta
1230,45-54,Female,Bandung
1231,55+,Female,Yogyakarta
1232,18-24,Female,Medan
1233,55+,Male,Semarang
1234,45-54,Female,Makassar
1235,55+,Female,Jakarta
1236,18-24,Male,Jakarta
1237,35-44,Female,Yogyakarta
1238,25-34,Male,Semarang
1239,18-24,Male,Makassar
1240,25-34,Male,Makassar
1241,35-44,Female,Jakarta
1242,45-54,Male,Medan
1243,55+,Female,Semarang
1244,55+,Female,Jakarta
1245,45-54,Male,Bandung
1246,18-24,Female,Semarang
1247,45-54,Female,Yogyakarta
1248,55+,Male,Makassar
1249,18-24,Male,Surabaya
1250,25-34,Female,Medan
1251,35-44,Male,Jakarta
1252,55+,Female,Bandung
1253,18-24,Male,Makassar
1254,18-24,Female,Surabaya
1255,25-34,Female,Semarang
1256,25-34,Male,Palembang
1257,25-34,Female,Bandung
1258,18-24,Male,Yogyakarta
1259,35-44,Female,Surabaya
1260,25-34,Male,Palembang
1261,25-34,Male,Bandung
1262,18-24,Male,Makassar
1263,45-54,Female,Yogyakarta
1264,25-34,Female,Makassar
1265,18-24,Male,Bandung
1266,35-44,Male,Surabaya
1267,35-44,Female,Yogyakarta
1268,45-54,Female,Semarang
1269,35-44,Male,Medan
1270,35-44,Female,Jakarta
1271,25-34,Female,Medan
1272,18-24,Female,Bandung
1273,45-54,Male,Yogyakarta
1274,18-24,Female,Jakarta
1275,45-54,Female,Medan
1276,18-24,Male,Surabaya
1277,18-24,Male,Makassar
1278,55+,Female,Makassar
1279,18-24,Male,Palembang
1280,25-34,Female,Makassar
1281,45-54,Male,Bandung
1282,45-54,Female,Bandung
1283,45-54,Male,Makassar
1284,18-24,Female,Semarang
1285,25-34,Male,Palembang
1286,45-54,Female,Jakarta
1287,45-54,Female,Makassar
1288,18-24,Female,Yogyakarta
1289,25-34,Male,Medan
1290,35-44,Male,Bandung
1291,55+,Male,Bandung
1292,45-54,Female,Surabaya
1293,55+,Female,Jakarta
1294,35-44,Female,Semarang
1295,25-34,Female,Makassar
1296,35-44,Female,Yogyakarta
1297,55+,Male,Bandung
1298,55+,Male,Palembang
1299,25-34,Male,Palembang
1300,25-34,Male,Bandung
1301,25-34,Female,Jakarta
1302,18-24,Male,Makassar
1303,25-34,Male,Makassar
1304,45-54,Male,Semarang
1305,25-34,Female,Yogyakarta
1306,45-54,Female,Semarang
1307,55+,Female,Medan
1308,25-34,Female,Makassar
1309,55+,Male,Palembang
1310,35-44,Male,Makassar
1311,25-34,Male,Medan
1312,55+,Male,Palembang
1313,55+,Male,Palembang
1314,55+,Female,Makassar
1315,55+,Female,Palembang
1316,18-24,Female,Bandung
1317,45-54,Male,Yogyakarta
1318,35-44,Female,Surabaya
1319,25-34,Female,Jakarta
1320,55+,Female,Makassar
1321,55+,Male,Semarang
1322,35-44,Female,Semarang
1323,55+,Female,Yogyakarta
1324,18-24,Male,Surabaya
1325,35-44,Female,Makassar
1326,45-54,Female,Bandung
1327,18-24,Male,Makassar
1328,55+,Male,Bandung
1329,55+,Male,Semarang
1330,18-24,Female,Medan
1331,25-34,Female,Makassar
1332,25-34,Female,Surabaya
1333,45-54,Male,Yogyakarta
1334,18-24,Male,Makassar
1335,45-54,Male,Bandung
1336,18-24,Female,Makassar
1337,35-44,Male,Surabaya
1338,25-34,Male,Makassar
1339,18-24,Male,Medan
1340,25-34,Female,Medan
1341,25-34,Male,Makassar
1342,25-34,Female,Semarang
1343,55+,Male,Surabaya
1344,35-44,Male,Medan
1345,25-34,Female,Bandung
1346,35-44,Female,Makassar
1347,25-34,Female,Yogyakarta
1348,18-24,Male,Bandung
1349,55+,Female,Surabaya
1350,45-54,Female,Jakarta
1351,55+,Male,Bandung
1352,35-44,Female,Surabaya
1353,45-54,Male,Medan
1354,45-54,Female,Medan
1355,45-54,Male,Semarang
1356,45-54,Male,Bandung
1357,45-54,Male,Yogyakarta
1358,18-24,Male,Yogyakarta
1359,45-54,Female,Bandung
1360,55+,Male,Palembang
1361,18-24,Female,Yogyakarta
1362,55+,Male,Medan
1363,55+,Female,Bandung
1364,25-34,Male,Surabaya
1365,55+,Male,Medan
1366,35-44,Male,Medan
1367,25-34,Male,Surabaya
1368,55+,Male,Bandung
1369,55+,Female,Jakarta
1370,45-54,Male,Bandung
1371,25-34,Male,Bandung
1372,45-54,Male,Palembang
1373,18-24,Male,Semarang
1374,55+,Female,Makassar
1375,35-44,Female,Palembang
1376,55+,Female,Yogyakarta
1377,18-24,Male,Yogyakarta
1378,35-44,Female,Bandung
1379,55+,Male,Surabaya
1380,18-24,Female,Semarang
1381,55+,Male,Makassar
1382,45-54,Female,Jakarta
1383,25-34,Male,Semarang
1384,35-44,Male,Medan
1385,18-24,Male,Makassar
1386,45-54,Female,Makassar
1387,18-24,Female,Semarang
1388,55+,Male,Bandung
1389,25-34,Female,Palembang
1390,45-54,Female,Semarang
1391,55+,Female,Palembang
1392,55+,Male,Yogyakarta
1393,25-34,Male,Palembang
1394,25-34,Male,Medan
1395,35-44,Male,Bandung
1396,35-44,Female,Yogyakarta
1397,45-54,Male,Semarang
1398,25-34,Female,Jakarta
1399,18-24,Male,Yogyakarta
1400,45-54,Female,Makassar
1401,45-54,Male,Palembang
1402,18-24,Male,Yogyakarta
1403,18-24,Female,Surabaya
1404,55+,Male,Yogyakarta
1405,25-34,Female,Yogyakarta
1406,35-44,Male,Palembang
1407,55+,Male,Medan
1408,55+,Male,Yogyakarta
1409,25-34,Male,Medan
1410,45-54,Female,Surabaya
1411,18-24,Male,Yogyakarta
1412,35-44,Male,Medan
1413,25-34,Male,Makassar
1414,35-44,Female,Jakarta
1415,25-34,Female,Bandung
1416,45-54,Female,Semarang
1417,45-54,Female,Makassar
1418,18-24,Male,Surabaya
1419,45-54,Male,Bandung
1420,35-44,Female,Surabaya
1421,55+,Male,Surabaya
1422,25-34,Female,Palembang
1423,55+,Male,Palembang
1424,55+,Female,Palembang
1425,18-24,Male,Makassar
1426,18-24,Female,Jakarta
1427,25-34,Male,Jakarta
1428,55+,Female,Palembang
1429,55+,Male,Medan
1430,35-44,Female,Surabaya
1431,18-24,Female,Jakarta
1432,18-24,Male,Semarang
1433,35-44,Male,Medan
1434,55+,Female,Yogyakarta
1435,45-54,Female,Palembang
1436,55+,Male,Bandung
1437,18-24,Male,Semarang
1438,25-34,Female,Makassar
1439,45-54,Female,Surabaya
1440,45-54,Male,Surabaya
1441,18-24,Female,Bandung
1442,45-54,Male,Surabaya
1443,25-34,Male,Medan
1444,25-34,Male,Medan
1445,55+,Female,Jakarta
1446,45-54,Male,Jakarta
1447,55+,Female,Jakarta
1448,18-24,Female,Medan
1449,55+,Male,Yogyakarta
1450,55+,Male,Bandung
1451,55+,Male,Yogyakarta
1452,45-54,Male,Medan
1453,18-24,Female,Bandung
1454,35-44,Male,Semarang
1455,35-44,Female,Jakarta
1456,35-44,Male,Palembang
1457,25-34,Female,Bandung
1458,18-24,Male,Palembang
1459,35-44,Female,Medan
1460,55+,Female,Medan
1461,55+,Female,Surabaya
1462,35-44,Male,Yogyakarta
1463,35-44,Male,Medan
1464,55+,Female,Surabaya
1465,18-24,Female,Semarang
1466,55+,Male,Surabaya
1467,25-34,Male,Palembang
1468,18-24,Male,Palembang
1469,45-54,Male,Jakarta
1470,45-54,Female,Makassar
1471,55+,Female,Semarang
1472,45-54,Male,Medan
1473,35-44,Male,Yogyakarta
1474,25-34,Female,Makassar
1475,45-54,Male,Medan
1476,18-24,Female,Makassar
1477,18-24,Female,Medan
1478,45-54,Female,Yogyakarta
1479,35-44,Female,Palembang
1480,25-34,Male,Surabaya
1481,55+,Female,Semarang
1482,18-24,Female,Medan
1483,18-24,Male,Surabaya
1484,55+,Female,Surabaya
1485,55+,Male,Makassar
1486,45-54,Female,Palembang
1487,45-54,Male,Semarang
1488,45-54,Male,Yogyakarta
1489,25-34,Male,Yogyakarta
1490,45-54,Female,Bandung
1491,25-34,Male,Yogyakarta
1492,25-34,Female,Palembang
1493,18-24,Male,Makassar
1494,35-44,Male,Bandung
1495,25-34,Female,Jakarta
1496,18-24,Female,Makassar
1497,55+,Female,Makassar
1498,25-34,Female,Bandung
1499,18-24,Female,Makassar
1500,55+,Male,Semarang
1501,35-44,Female,Yogyakarta
1502,55+,Female,Medan
1503,18-24,Female,Semarang
1504,35-44,Female,Bandung
1505,35-44,Female,Makassar
1506,25-34,Male,Palembang
1507,18-24,Female,Medan
1508,18-24,Male,Yogyakarta
1509,18-24,Male,Jakarta
1510,35-44,Male,Surabaya
1511,45-54,Female,Yogyakarta
1512,18-24,Male,Jakarta
1513,35-44,Female,Surabaya
1514,45-54,Female,Yogyakarta
1515,45-54,Female,Jakarta
1516,35-44,Female,Semarang
1517,25-34,Male,Yogyakarta
1518,25-34,Male,Jakarta
1519,45-54,Male,Medan
1520,18-24,Female,Semarang
1521,18-24,Male,Makassar
1522,18-24,Male,Palembang
1523,18-24,Female,Yogyakarta
1524,55+,Female,Palembang
1525,45-54,Male,Yogyakarta
1526,18-24,Female,Jakarta
1527,25-34,Female,Semarang
1528,18-24,Male,Medan
1529,55+,Male,Semarang
1530,35-44,Male,Bandung
1531,45-54,Male,Jakarta
1532,35-44,Male,Makassar
1533,55+,Female,Makassar
1534,35-44,Female,Makassar
1535,18-24,Female,Makassar
1536,18-24,Female,Medan
1537,35-44,Female,Medan
1538,35-44,Male,Jakarta
1539,35-44,Female,Bandung
1540,18-24,Female,Jakarta
1541,45-54,Female,Semarang
1542,25-34,Male,Surabaya
1543,35-44,Male,Semarang
1544,45-54,Female,Palembang
1545,18-24,Male,Surabaya
1546,45-54,Male,Yogyakarta
1547,55+,Male,Jakarta
1548,18-24,Male,Medan
1549,35-44,Female,Jakarta
1550,45-54,Female,Bandung
1551,25-34,Female,Medan
1552,18-24,Female,Yogyakarta
1553,45-54,Female,Makassar
1554,35-44,Female,Jakarta
1555,25-34,Male,Yogyakarta
1556,55+,Female,Bandung
1557,18-24,Male,Semarang
1558,45-54,Female,Bandung
1559,18-24,Female,Yogyakarta
1560,18-24,Male,Yogyakarta
1561,35-44,Male,Bandung
1562,25-34,Female,Medan
1563,35-44,Male,Yogyakarta
1564,18-24,Female,Makassar
1565,35-44,Female,Surabaya
1566,35-44,Male,Jakarta
1567,25-34,Male,Jakarta
1568,35-44,Female,Yogyakarta
1569,55+,Male,Makassar
1570,35-44,Male,Makassar
1571,25-34,Female,Makassar
1572,45-54,Male,Makassar
1573,45-54,Female,Jakarta
1574,55+,Female,Makassar
1575,35-44,Female,Semarang
1576,45-54,Male,Jakarta
1577,45-54,Female,Medan
1578,18-24,Male,Semarang
1579,35-44,Male,Palembang
1580,25-34,Female,Makassar
1581,45-54,Female,Bandung
1582,18-24,Male,Palembang
1583,25-34,Male,Semarang
1584,55+,Female,Surabaya
1585,55+,Male,Palembang
1586,25-34,Female,Surabaya
1587,45-54,Female,Surabaya
1588,45-54,Male,Surabaya
1589,35-44,Female,Semarang
1590,35-44,Male,Medan
1591,18-24,Male,Makassar
1592,55+,Male,Yogyakarta
1593,18-24,Female,Semarang
1594,25-34,Female,Surabaya
1595,25-34,Female,Semarang
1596,55+,Male,Bandung
1597,25-34,Male,Surabaya
1598,18-24,Female,Jakarta
1599,25-34,Male,Semarang
1600,35-44,Female,Surabaya
1601,18-24,Male,Palembang
1602,45-54,Female,Bandung
1603,18-24,Female,Makassar
1604,25-34,Female,Yogyakarta
1605,25-34,Female,Surabaya
1606,35-44,Male,Surabaya
1607,25-34,Female,Medan
1608,18-24,Female,Medan
1609,25-34,Male,Bandung
1610,35-44,Female,Semarang
1611,25-34,Female,Yogyakarta
1612,25-34,Female,Yogyakarta
1613,55+,Male,Semarang
1614,45-54,Male,Palembang
1615,18-24,Female,Semarang
1616,18-24,Male,Medan
1617,18-24,Male,Makassar
1618,18-24,Female,Medan
1619,45-54,Male,Jakarta
1620,55+,Female,Bandung
1621,35-44,Male,Yogyakarta
1622,25-34,Male,Jakarta
1623,45-54,Male,Semarang
1624,45-54,Female,Yogyakarta
1625,35-44,Female,Yogyakarta
1626,18-24,Female,Yogyakarta
1627,18-24,Female,Jakarta
1628,55+,Female,Bandung
1629,18-24,Female,Jakarta
1630,45-54,Male,Jakarta
1631,18-24,Female,Bandung
1632,45-54,Female,Makassar
1633,55+,Female,Semarang
1634,55+,Female,Semarang
1635,35-44,Male,Palembang
1636,45-54,Male,Palembang
1637,35-44,Male,Palembang
1638,18-24,Female,Semarang
1639,45-54,Female,Palembang
1640,55+,Male,Makassar
1641,35-44,Female,Yogyakarta
1642,25-34,Male,Jakarta
1643,55+,Female,Bandung
1644,55+,Female,Jakarta
1645,25-34,Female,Palembang
1646,25-34,Female,Yogyakarta
1647,55+,Female,Palembang
1648,18-24,Female,Palembang
1649,35-44,Male,Makassar
1650,45-54,Female,Yogyakarta
1651,25-34,Male,Bandung
1652,45-54,Male,Jakarta
1653,55+,Male,Medan
1654,18-24,Female,Medan
1655,25-34,Female,Palembang
1656,45-54,Female,Medan
1657,45-54,Female,Semarang
1658,45-54,Female,Jakarta
1659,18-24,Female,Semarang
1660,45-54,Male,Surabaya
1661,18-24,Female,Yogyakarta
1662,18-24,Female,Semarang
1663,25-34,Female,Medan
1664,35-44,Male,Makassar
1665,25-34,Female,Jakarta
1666,25-34,Female,Surabaya
1667,55+,Male,Surabaya
1668,18-24,Female,Bandung
1669,45-54,Female,Makassar
1670,35-44,Male,Bandung
1671,25-34,Male,Semarang
1672,35-44,Female,Surabaya
1673,55+,Female,Palembang
1674,35-44,Male,Palembang
1675,18-24,Male,Surabaya
1676,25-34,Male,Semarang
1677,45-54,Female,Bandung
1678,25-34,Female,Palembang
1679,25-34,Female,Medan
1680,55+,Female,Palembang
1681,18-24,Female,Bandung
1682,45-54,Male,Semarang
1683,35-44,Male,Jakarta
1684,55+,Female,Semarang
1685,25-34,Male,Palembang
1686,18-24,Male,Yogyakarta
1687,45-54,Male,Surabaya
1688,45-54,Male,Medan
1689,25-34,Female,Bandung
1690,45-54,Male,Yogyakarta
1691,35-44,Female,Surabaya
1692,35-44,Female,Semarang
1693,35-44,Male,Makassar
1694,18-24,Male,Medan
1695,35-44,Female,Semarang
1696,55+,Female,Bandung
1697,35-44,Female,Makassar
1698,35-44,Male,Palembang
1699,25-34,Male,Medan
1700,25-34,Male,Bandung
1701,25-34,Female,Semarang
1702,55+,Female,Semarang
1703,18-24,Female,Bandung
1704,18-24,Male,Surabaya
1705,25-34,Male,Surabaya
1706,18-24,Female,Surabaya
1707,18-24,Female,Bandung
1708,55+,Male,Bandung
1709,45-54,Male,Jakarta
1710,25-34,Male,Semarang
1711,18-24,Male,Makassar
1712,45-54,Female,Makassar
1713,18-24,Male,Medan
1714,55+,Female,Yogyakarta
1715,18-24,Female,Semarang
1716,35-44,Female,Yogyakarta
1717,18-24,Male,Yogyakarta
1718,35-44,Male,Jakarta
1719,45-54,Male,Semarang
1720,35-44,Female,Medan
1721,55+,Female,Makassar
1722,45-54,Female,Yogyakarta
1723,18-24,Female,Makassar
1724,55+,Female,Yogyakarta
1725,25-34,Female,Bandung
1726,55+,Female,Makassar
1727,18-24,Female,Jakarta
1728,35-44,Female,Medan
1729,35-44,Female,Medan
1730,55+,Female,Surabaya
1731,18-24,Female,Medan
1732,18-24,Male,Medan
1733,55+,Male,Bandung
1734,55+,Female,Yogyakarta
1735,18-24,Male,Bandung
1736,18-24,Female,Yogyakarta
1737,55+,Male,Yogyakarta
1738,18-24,Male,Bandung
1739,25-34,Male,Yogyakarta
1740,25-34,Female,Semarang
1741,45-54,Male,Makassar
1742,25-34,Male,Surabaya
1743,45-54,Male,Surabaya
1744,45-54,Female,Jakarta
1745,25-34,Female,Yogyakarta
1746,55+,Male,Semarang
1747,18-24,Male,Yogyakarta
1748,18-24,Male,Bandung
1749,25-34,Male,Surabaya
1750,45-54,Male,Surabaya
1751,25-34,Female,Makassar
1752,35-44,Female,Jakarta
1753,55+,Female,Yogyakarta
1754,25-34,Female,Semarang
1755,18-24,Female,Makassar
1756,45-54,Female,Semarang
1757,35-44,Female,Medan
1758,45-54,Female,Jakarta
1759,25-34,Male,Palembang
1760,35-44,Female,Medan
1761,18-24,Female,Bandung
1762,25-34,Female,Palembang
1763,25-34,Male,Yogyakarta
1764,18-24,Male,Yogyakarta
1765,45-54,Male,Palembang
1766,25-34,Female,Bandung
1767,18-24,Female,Surabaya
1768,25-34,Male,Medan
1769,25-34,Male,Makassar
1770,18-24,Male,Makassar
1771,55+,Male,Medan
1772,45-54,Male,Palembang
1773,45-54,Male,Bandung
1774,35-44,Male,Surabaya
1775,18-24,Female,Jakarta
1776,35-44,Male,Medan
1777,25-34,Female,Semarang
1778,35-44,Male,Makassar
1779,55+,Male,Palembang
1780,55+,Female,Medan
1781,45-54,Female,Palembang
1782,18-24,Female,Makassar
1783,25-34,Male,Yogyakarta
1784,25-34,Male,Jakarta
1785,55+,Female,Medan
1786,35-44,Female,Semarang
1787,45-54,Male,Palembang
1788,45-54,Female,Bandung
1789,55+,Male,Jakarta
1790,18-24,Female,Makassar
1791,18-24,Female,Medan
1792,18-24,Male,Medan
1793,35-44,Male,Palembang
1794,55+,Female,Bandung
1795,18-24,Male,Bandung
1796,35-44,Female,Bandung
1797,45-54,Male,Surabaya
1798,45-54,Female,Medan
1799,18-24,Male,Jakarta
1800,45-54,Male,Bandung
1801,18-24,Female,Bandung
1802,18-24,Male,Medan
1803,35-44,Male,Bandung
1804,35-44,Female,Yogyakarta
1805,55+,Male,Bandung
1806,35-44,Female,Bandung
1807,25-34,Female,Surabaya
1808,55+,Female,Jakarta
1809,25-34,Male,Semarang
1810,25-34,Female,Medan
1811,35-44,Female,Bandung
1812,35-44,Female,Makassar
1813,45-54,Female,Semarang
1814,35-44,Male,Yogyakarta
1815,25-34,Male,Jakarta
1816,55+,Female,Semarang
1817,18-24,Male,Makassar
1818,35-44,Male,Yogyakarta
1819,25-34,Male,Medan
1820,18-24,Female,Yogyakarta
1821,18-24,Male,Yogyakarta
1822,45-54,Female,Semarang
1823,25-34,Female,Jakarta
1824,55+,Male,Palembang
1825,18-24,Female,Palembang
1826,18-24,Female,Jakarta
1827,18-24,Female,Makassar
1828,45-54,Female,Semarang
1829,18-24,Male,Yogyakarta
1830,55+,Male,Palembang
1831,18-24,Female,Palembang
1832,45-54,Female,Palembang
1833,45-54,Male,Semarang
1834,45-54,Male,Yogyakarta
1835,18-24,Male,Bandung
1836,55+,Female,Jakarta
1837,55+,Female,Semarang
1838,25-34,Male,Semarang
1839,55+,Female,Medan
1840,45-54,Female,Medan
1841,25-34,Male,Surabaya
1842,55+,Male,Surabaya
1843,45-54,Female,Makassar
1844,25-34,Male,Surabaya
1845,45-54,Male,Surabaya
1846,55+,Male,Palembang
1847,45-54,Male,Palembang
1848,35-44,Male,Makassar
1849,35-44,Female,Medan
1850,18-24,Female,Medan
1851,35-44,Female,Bandung
1852,55+,Male,Medan
1853,35-44,Male,Jakarta
1854,35-44,Male,Medan
1855,25-34,Female,Yogyakarta
1856,45-54,Male,Surabaya
1857,55+,Female,Palembang
1858,18-24,Male,Yogyakarta
1859,25-34,Male,Medan
1860,55+,Female,Jakarta
1861,35-44,Male,Yogyakarta
1862,18-24,Female,Jakarta
1863,25-34,Female,Bandung
1864,18-24,Male,Medan
1865,35-44,Female,Jakarta
1866,25-34,Male,Medan
1867,18-24,Male,Bandung
1868,18-24,Female,Medan
1869,25-34,Female,Jakarta
1870,35-44,Female,Yogyakarta
1871,18-24,Female,Bandung
1872,35-44,Female,Surabaya
1873,45-54,Male,Yogyakarta
1874,45-54,Female,Jakarta
1875,25-34,Female,Surabaya
1876,25-34,Female,Surabaya
1877,45-54,Female,Jakarta
1878,45-54,Female,Medan
1879,55+,Male,Yogyakarta
1880,35-44,Male,Jakarta
1881,25-34,Female,Medan
1882,55+,Female,Jakarta
1883,25-34,Male,Semarang
1884,45-54,Male,Surabaya
1885,18-24,Male,Surabaya
1886,25-34,Male,Medan
1887,55+,Male,Yogyakarta
1888,18-24,Female,Surabaya
1889,55+,Female,Bandung
1890,18-24,Female,Surabaya
1891,25-34,Male,Surabaya
1892,35-44,Female,Semarang
1893,35-44,Female,Surabaya
1894,35-44,Female,Medan
1895,18-24,Male,Semarang
1896,18-24,Male,Bandung
1897,35-44,Male,Medan
1898,45-54,Male,Medan
1899,25-34,Male,Bandung
1900,45-54,Female,Yogyakarta
1901,45-54,Male,Yogyakarta
1902,25-34,Female,Makassar
1903,45-54,Female,Semarang
1904,35-44,Male,Palembang
1905,18-24,Male,Jakarta
1906,25-34,Male,Medan
1907,25-34,Female,Makassar
1908,45-54,Male,Makassar
1909,18-24,Male,Semarang
1910,18-24,Female,Palembang
1911,55+,Male,Semarang
1912,18-24,Female,Semarang
1913,18-24,Female,Surabaya
1914,25-34,Female,Surabaya
1915,55+,Female,Bandung
1916,35-44,Female,Medan
1917,18-24,Male,Bandung
1918,35-44,Male,Semarang
1919,35-44,Male,Bandung
1920,35-44,Male,Bandung
1921,18-24,Female,Yogyakarta
1922,55+,Male,Bandung
1923,35-44,Female,Semarang
1924,25-34,Female,Palembang
1925,45-54,Male,Semarang
1926,35-44,Male,Medan
1927,25-34,Female,Surabaya
1928,55+,Male,Medan
1929,55+,Female,Makassar
1930,18-24,Male,Surabaya
1931,55+,Male,Surabaya
1932,45-54,Male,Yogyakarta
1933,25-34,Male,Semarang
1934,25-34,Male,Semarang
1935,25-34,Male,Yogyakarta
1936,55+,Male,Palembang
1937,25-34,Female,Bandung
1938,25-34,Female,Semarang
1939,55+,Male,Semarang
1940,35-44,Male,Semarang
1941,18-24,Female,Palembang
1942,18-24,Female,Yogyakarta
1943,55+,Male,Surabaya
1944,35-44,Male,Semarang
1945,45-54,Female,Medan
1946,55+,Male,Surabaya
1947,45-54,Female,Bandung
1948,55+,Female,Medan
1949,35-44,Female,Bandung
1950,35-44,Female,Palembang
1951,55+,Male,Makassar
1952,35-44,Female,Surabaya
1953,55+,Female,Yogyakarta
1954,18-24,Male,Jakarta
1955,18-24,Female,Jakarta
1956,55+,Male,Jakarta
1957,35-44,Male,Palembang
1958,35-44,Female,Surabaya
1959,35-44,Female,Makassar
1960,35-44,Male,Palembang
1961,18-24,Female,Medan
1962,25-34,Female,Semarang
1963,35-44,Female,Palembang
1964,18-24,Male,Jakarta
1965,18-24,Male,Medan
1966,55+,Male,Semarang
1967,18-24,Female,Semarang
1968,25-34,Male,Medan
1969,45-54,Female,Semarang
1970,18-24,Female,Surabaya
1971,55+,Female,Jakarta
1972,55+,Male,Surabaya
1973,55+,Female,Surabaya
1974,35-44,Female,Jakarta
1975,55+,Female,Makassar
1976,18-24,Male,Semarang
1977,25-34,Female,Palembang
1978,25-34,Female,Medan
1979,35-44,Male,Palembang
1980,55+,Male,Yogyakarta
1981,25-34,Male,Medan
1982,25-34,Male,Palembang
1983,18-24,Male,Bandung
1984,18-24,Female,Semarang
1985,18-24,Female,Makassar
1986,18-24,Male,Makassar
1987,25-34,Male,Medan
1988,55+,Male,Semarang
1989,35-44,Female,Surabaya
1990,55+,Female,Surabaya
1991,25-34,Female,Jakarta
1992,45-54,Female,Surabaya
1993,45-54,Male,Semarang
1994,55+,Male,Jakarta
1995,55+,Male,Yogyakarta
1996,55+,Female,Semarang
1997,45-54,Female,Palembang
1998,35-44,Female,Medan
1999,35-44,Female,Semarang
2000,35-44,Female,Bandung
2001,45-54,Female,Makassar
2002,45-54,Female,Palembang
2003,18-24,Male,Semarang
2004,55+,Male,Makassar
2005,18-24,Female,Medan
2006,18-24,Male,Jakarta
2007,45-54,Female,Surabaya
2008,45-54,Female,Bandung
2009,35-44,Male,Palembang
2010,55+,Male,Semarang
2011,55+,Male,Bandung
2012,18-24,Male,Semarang
2013,35-44,Female,Semarang
2014,55+,Male,Surabaya
2015,25-34,Male,Jakarta
2016,18-24,Female,Yogyakarta
2017,25-34,Female,Jakarta
2018,25-34,Female,Medan
2019,55+,Male,Medan
2020,55+,Male,Medan
2021,25-34,Male,Makassar
2022,45-54,Male,Bandung
2023,18-24,Female,Medan
2024,55+,Male,Bandung
2025,45-54,Female,Palembang
2026,55+,Female,Yogyakarta
2027,55+,Male,Surabaya
2028,35-44,Male,Yogyakarta
2029,18-24,Male,Makassar
2030,18-24,Male,Makassar
2031,18-24,Male,Makassar
2032,35-44,Male,Makassar
2033,18-24,Female,Bandung
2034,18-24,Male,Medan
2035,55+,Female,Medan
2036,18-24,Female,Makassar
2037,45-54,Female,Surabaya
2038,35-44,Male,Medan
2039,35-44,Female,Jakarta
2040,45-54,Male,Semarang
2041,55+,Female,Makassar
2042,25-34,Female,Palembang
2043,25-34,Female,Surabaya
2044,35-44,Male,Jakarta
2045,18-24,Female,Palembang
2046,35-44,Female,Jakarta
2047,55+,Female,Palembang
2048,25-34,Female,Bandung
2049,45-54,Female,Surabaya
2050,18-24,Male,Jakarta
2051,55+,Male,Surabaya
2052,45-54,Female,Makassar
2053,55+,Male,Bandung
2054,55+,Female,Bandung
2055,18-24,Female,Jakarta
2056,18-24,Male,Jakarta
2057,45-54,Male,Medan
2058,25-34,Male,Surabaya
2059,55+,Female,Jakarta
2060,45-54,Female,Bandung
2061,35-44,Female,Surabaya
2062,18-24,Female,Semarang
2063,25-34,Male,Surabaya
2064,55+,Male,Yogyakarta
2065,25-34,Male,Jakarta
2066,55+,Female,Yogyakarta
2067,18-24,Male,Surabaya
2068,55+,Male,Makassar
2069,45-54,Male,Bandung
2070,35-44,Male,Jakarta
2071,25-34,Male,Surabaya
2072,55+,Male,Jakarta
2073,25-34,Female,Makassar
2074,35-44,Male,Medan
2075,25-34,Female,Makassar
2076,18-24,Female,Yogyakarta
2077,55+,Male,Semarang
2078,18-24,Male,Semarang
2079,18-24,Male,Surabaya
2080,55+,Male,Yogyakarta
2081,35-44,Female,Jakarta
2082,55+,Male,Palembang
2083,18-24,Male,Semarang
2084,35-44,Male,Bandung
2085,25-34,Female,Surabaya
2086,55+,Female,Makassar
2087,45-54,Female,Yogyakarta
2088,45-54,Female,Surabaya
2089,55+,Male,Palembang
2090,55+,Female,Jakarta
2091,25-34,Female,Yogyakarta
2092,55+,Female,Surabaya
2093,18-24,Male,Palembang
2094,18-24,Male,Palembang
2095,35-44,Male,Medan
2096,35-44,Female,Yogyakarta
2097,18-24,Male,Yogyakarta
2098,18-24,Male,Bandung
2099,18-24,Male,Yogyakarta
2100,35-44,Female,Surabaya
2101,55+,Female,Semarang
2102,55+,Male,Yogyakarta
2103,25-34,Male,Medan
2104,55+,Male,Medan
2105,35-44,Female,Bandung
2106,35-44,Male,Yogyakarta
2107,25-34,Male,Medan
2108,35-44,Female,Yogyakarta
2109,18-24,Female,Medan
2110,45-54,Female,Semarang
2111,45-54,Male,Jakarta
2112,25-34,Female,Semarang
2113,55+,Male,Bandung
2114,45-54,Male,Bandung
2115,25-34,Male,Jakarta
2116,25-34,Female,Bandung
2117,55+,Male,Medan
2118,25-34,Female,Medan
2119,35-44,Female,Medan
2120,18-24,Female,Medan
2121,18-24,Male,Yogyakarta
2122,18-24,Male,Semarang
2123,35-44,Male,Yogyakarta
2124,45-54,Male,Bandung
2125,25-34,Male,Jakarta
2126,55+,Female,Semarang
2127,55+,Male,Palembang
2128,35-44,Female,Jakarta
2129,18-24,Female,Jakarta
2130,18-24,Female,Surabaya
2131,55+,Female,Jakarta
2132,25-34,Female,Semarang
2133,18-24,Female,Yogyakarta
2134,25-34,Male,Semarang
2135,45-54,Female,Medan
2136,18-24,Male,Jakarta
2137,25-34,Male,Yogyakarta
2138,18-24,Male,Bandung
2139,45-54,Male,Palembang
2140,45-54,Female,Makassar
2141,35-44,Male,Makassar
2142,45-54,Male,Semarang
2143,45-54,Male,Palembang
2144,25-34,Male,Jakarta
2145,18-24,Male,Bandung
2146,55+,Female,Semarang
2147,35-44,Male,Makassar
2148,25-34,Male,Semarang
2149,25-34,Female,Palembang
2150,45-54,Female,Jakarta
2151,55+,Female,Bandung
2152,25-34,Male,Jakarta
2153,18-24,Male,Medan
2154,55+,Male,Palembang
2155,35-44,Male,Medan
2156,55+,Female,Bandung
2157,45-54,Female,Makassar
2158,45-54,Male,Jakarta
2159,18-24,Male,Makassar
2160,18-24,Male,Yogyakarta
2161,55+,Female,Bandung
2162,35-44,Male,Surabaya
2163,55+,Female,Makassar
2164,25-34,Male,Yogyakarta
2165,18-24,Male,Palembang
2166,55+,Male,Semarang
2167,55+,Female,Makassar
2168,25-34,Female,Surabaya
2169,35-44,Female,Bandung
2170,18-24,Female,Surabaya
2171,35-44,Female,Makassar
2172,18-24,Female,Yogyakarta
2173,25-34,Male,Palembang
2174,35-44,Female,Semarang
2175,25-34,Male,Medan
2176,45-54,Female,Surabaya
2177,35-44,Female,Makassar
2178,18-24,Female,Yogyakarta
2179,35-44,Female,Bandung
2180,25-34,Male,Jakarta
2181,35-44,Female,Semarang
2182,35-44,Female,Surabaya
2183,18-24,Female,Yogyakarta
2184,55+,Female,Semarang
2185,55+,Female,Makassar
2186,18-24,Male,Yogyakarta
2187,18-24,Male,Makassar
