id,name,brand,category,color,gender,price,stock,rating,reviews,status,release_date,weight,size,returnable
1,Adidas Badminton Ultra,Adidas,Badminton,White,Men,1865000.0,20,4.6,487,Discontinued,2023-06-22,69.7,1.4,t
2,Reebok Basketball Ultra,Reebok,Basketball,Grey,Unisex,2976000.0,0,4.4,418,Discontinued,2021-11-26,86.8,1.6,t
3,Adidas Running Elite,Adidas,Running,Red,Men,2458000.0,20,4.2,41,Discontinued,2023-05-01,73.2,3.6,f
4,Puma Tennis Elite,Puma,Tennis,Grey,Women,2964000.0,40,4.4,168,Clearance,2021-10-23,75.0,2.5,t
5,Converse Badminton Lite,Converse,Badminton,Red,Men,2406000.0,0,4.0,304,Discontinued,2020-02-24,82.7,4.1,t
6,Reebok Badminton Pro,Reebok,Badminton,White,Unisex,1962000.0,50,3.9,389,New,2021-08-14,23.6,3.2,t
7,Reebok Casual Classic,Reebok,Casual,Orange,Men,1427000.0,0,3.9,713,Regular,2021-03-03,87.8,3.0,f
8,Nike Running Lite,Nike,Running,Grey,Women,1106000.0,0,4.4,126,Clearance,2021-04-20,71.1,3.2,t
9,Puma Basketball Elite,Puma,Basketball,Red,Unisex,2086000.0,30,4.8,824,New,2020-08-23,83.3,5.0,f
10,Nike Running Classic,Nike,Running,Black,Unisex,2225000.0,0,3.7,351,Discontinued,2022-04-08,81.5,2.2,f
11,Converse Running Pro,Converse,Running,Grey,Unisex,730000.0,40,4.8,934,Regular,2022-05-25,61.2,2.4,t
12,Puma Sandals Elite,Puma,Sandals,Blue,Men,803000.0,0,3.9,873,Discontinued,2024-12-13,52.2,4.5,t
13,Puma Basketball Ultra,Puma,Basketball,Black,Unisex,2244000.0,30,3.6,631,Clearance,2020-06-14,54.1,1.1,t
14,Converse Running Pro,Converse,Running,Green,Men,2486000.0,20,4.6,826,Discontinued,2022-02-11,94.2,4.2,f
15,Reebok Casual Elite,Reebok,Casual,Red,Unisex,2660000.0,0,4.9,313,Discontinued,2020-02-11,51.2,2.5,t
16,Puma Football Ultra,Puma,Football,Green,Men,2719000.0,0,3.8,361,Clearance,2023-08-30,28.6,3.1,t
17,Reebok Badminton Classic,Reebok,Badminton,Grey,Men,2039000.0,50,3.9,670,Regular,2023-12-03,50.1,4.2,t
18,Converse Running Pro,Converse,Running,White,Men,2093000.0,40,3.7,747,Discontinued,2023-11-12,76.7,4.6,t
19,Nike Sandals Elite,Nike,Sandals,Red,Women,2699000.0,0,4.8,960,Regular,2022-02-13,7.9,4.6,t
20,Puma Sandals Pro,Puma,Sandals,Purple,Unisex,1487000.0,30,3.8,888,New,2020-11-06,93.9,1.9,t
21,Converse Badminton Elite,Converse,Badminton,Navy,Unisex,939000.0,30,4.0,684,Regular,2023-03-20,22.0,2.3,t
22,Puma Basketball Elite,Puma,Basketball,Blue,Women,2393000.0,0,4.8,278,Clearance,2024-11-12,54.6,2.6,f
23,Adidas Running Pro,Adidas,Running,Orange,Men,720000.0,0,4.9,737,Regular,2024-09-01,15.9,3.6,t
24,Puma Running Lite,Puma,Running,Navy,Men,2024000.0,10,4.7,25,New,2021-01-19,53.5,4.5,t
25,Puma Sandals Pro,Puma,Sandals,Navy,Men,1267000.0,0,4.4,821,Regular,2023-12-10,52.0,4.5,t
26,Reebok Sandals Pro,Reebok,Sandals,Blue,Men,2315000.0,40,3.8,842,New,2021-11-02,54.0,4.0,t
27,Adidas Running Pro,Adidas,Running,Blue,Men,1509000.0,0,3.8,210,Discontinued,2021-02-19,0.5,1.5,f
28,Puma Casual Classic,Puma,Casual,Black,Men,1772000.0,0,3.6,842,Regular,2022-12-29,34.0,2.7,f
29,Reebok Sandals Elite,Reebok,Sandals,Green,Unisex,2474000.0,0,3.7,964,Discontinued,2021-05-28,25.5,4.3,t
30,Puma Badminton Pro,Puma,Badminton,White,Unisex,661000.0,0,3.5,702,Clearance,2022-11-09,92.6,4.6,f
31,Puma Basketball Pro,Puma,Basketball,Green,Women,560000.0,50,4.9,436,Discontinued,2021-03-31,13.4,3.5,t
32,Reebok Football Ultra,Reebok,Football,White,Men,516000.0,0,5.0,242,Regular,2020-10-20,49.9,4.3,f
33,Puma Tennis Ultra,Puma,Tennis,Purple,Unisex,2121000.0,0,3.8,297,New,2024-12-20,46.4,1.3,f
34,Adidas Football Pro,Adidas,Football,Blue,Unisex,1805000.0,50,4.0,358,New,2020-06-17,85.8,4.0,t
35,Reebok Basketball Pro,Reebok,Basketball,Green,Unisex,2651000.0,50,3.9,36,Discontinued,2024-02-22,33.0,4.2,f
36,Converse Football Elite,Converse,Football,Green,Unisex,953000.0,20,3.6,708,Regular,2021-03-02,63.7,2.9,f
37,Reebok Basketball Ultra,Reebok,Basketball,White,Unisex,2815000.0,0,4.0,795,Clearance,2024-08-16,73.9,2.9,f
38,Nike Casual Elite,Nike,Casual,Grey,Women,2957000.0,10,4.9,984,Clearance,2023-03-15,55.4,1.2,t
39,Converse Casual Lite,Converse,Casual,Purple,Men,2857000.0,0,3.7,912,Clearance,2024-03-14,87.8,1.2,t
40,Adidas Football Lite,Adidas,Football,Blue,Unisex,1806000.0,50,3.7,759,Regular,2021-03-15,0.6,2.5,t
41,Converse Running Ultra,Converse,Running,Purple,Men,1270000.0,30,4.4,238,Regular,2022-02-01,84.2,3.8,t
42,Reebok Casual Lite,Reebok,Casual,Grey,Men,1962000.0,10,3.5,960,Clearance,2020-12-21,4.5,1.8,f
43,Nike Sandals Pro,Nike,Sandals,Pink,Women,1264000.0,20,4.6,214,Clearance,2023-08-06,18.2,3.9,t
44,Puma Tennis Ultra,Puma,Tennis,Purple,Men,1992000.0,50,4.0,666,Discontinued,2021-11-22,29.4,2.1,t
45,Nike Casual Lite,Nike,Casual,Navy,Women,664000.0,0,3.8,332,Clearance,2022-03-29,48.1,2.0,t
46,Adidas Badminton Pro,Adidas,Badminton,Pink,Women,2676000.0,10,4.8,420,Clearance,2021-12-07,57.7,3.5,t
47,Nike Football Lite,Nike,Football,Navy,Women,889000.0,10,3.9,304,New,2022-06-21,19.6,1.1,f
48,Adidas Running Ultra,Adidas,Running,Grey,Unisex,1458000.0,0,3.6,835,Regular,2022-04-05,9.8,4.9,f
49,Converse Badminton Classic,Converse,Badminton,Purple,Men,2762000.0,10,3.9,34,Regular,2021-09-02,36.6,2.7,f
50,Converse Casual Lite,Converse,Casual,Navy,Unisex,1137000.0,20,3.5,454,Clearance,2023-04-10,26.8,3.8,t
51,Reebok Badminton Ultra,Reebok,Badminton,Pink,Men,1070000.0,40,3.9,108,Discontinued,2021-12-02,18.4,1.9,t
52,Puma Tennis Lite,Puma,Tennis,Blue,Women,1667000.0,0,4.2,406,Discontinued,2020-12-25,51.0,3.7,t
53,Nike Sandals Pro,Nike,Sandals,Blue,Women,2788000.0,30,4.1,466,New,2023-10-13,77.6,2.2,t
54,Nike Basketball Elite,Nike,Basketball,Pink,Unisex,1119000.0,50,4.3,648,Discontinued,2022-04-05,20.8,4.6,t
55,Nike Tennis Ultra,Nike,Tennis,Green,Women,2879000.0,10,4.9,831,Regular,2020-05-12,21.8,2.9,t
56,Adidas Sandals Pro,Adidas,Sandals,Pink,Unisex,2676000.0,50,4.3,337,Clearance,2020-10-31,91.7,2.9,t
57,Nike Casual Ultra,Nike,Casual,Navy,Women,615000.0,0,4.6,475,Discontinued,2020-05-23,71.7,4.8,t
58,Reebok Tennis Elite,Reebok,Tennis,Red,Women,2939000.0,40,4.2,308,Clearance,2024-02-23,45.0,2.4,t
59,Converse Running Lite,Converse,Running,Pink,Women,2420000.0,10,4.8,981,Discontinued,2020-11-03,21.0,4.1,t
60,Nike Badminton Elite,Nike,Badminton,Purple,Unisex,2612000.0,30,4.9,204,Regular,2020-03-19,34.0,3.0,t
61,Nike Sandals Classic,Nike,Sandals,White,Men,2148000.0,40,4.1,727,Clearance,2024-11-19,57.9,4.2,f
62,Reebok Running Classic,Reebok,Running,Navy,Women,2379000.0,10,4.2,865,Regular,2023-05-03,37.6,2.5,t
63,Nike Football Lite,Nike,Football,Orange,Men,2288000.0,0,4.7,182,Discontinued,2024-08-08,5.8,3.0,t
64,Converse Football Pro,Converse,Football,Red,Men,1434000.0,0,4.2,876,New,2021-09-03,58.6,2.0,t
65,Nike Running Elite,Nike,Running,Grey,Men,1896000.0,40,3.5,520,Regular,2023-04-06,63.3,2.7,t
66,Adidas Badminton Pro,Adidas,Badminton,White,Women,1714000.0,0,4.1,105,Discontinued,2023-01-07,85.9,1.4,t
67,Adidas Football Pro,Adidas,Football,Pink,Women,2216000.0,0,3.8,559,Discontinued,2023-07-23,32.3,4.3,t
68,Nike Tennis Lite,Nike,Tennis,Orange,Men,2005000.0,0,4.0,181,Discontinued,2021-10-08,83.4,4.0,t
69,Reebok Running Pro,Reebok,Running,Orange,Unisex,1340000.0,20,4.4,316,New,2024-09-08,63.2,3.8,t
70,Converse Basketball Pro,Converse,Basketball,Red,Men,2084000.0,0,4.3,176,Clearance,2021-03-27,91.9,3.6,t
71,Reebok Running Lite,Reebok,Running,Pink,Women,1659000.0,50,4.7,413,Regular,2024-05-24,68.5,2.8,t
72,Adidas Sandals Classic,Adidas,Sandals,Black,Unisex,766000.0,20,4.4,17,New,2022-10-21,18.7,2.7,t
73,Puma Sandals Classic,Puma,Sandals,Navy,Women,796000.0,0,4.5,709,New,2022-01-12,37.6,2.1,t
74,Adidas Casual Pro,Adidas,Casual,Red,Unisex,2116000.0,30,4.1,960,New,2021-01-23,36.9,1.5,t
75,Nike Running Elite,Nike,Running,Orange,Men,543000.0,0,4.1,861,Discontinued,2024-11-16,71.6,2.8,t
76,Puma Sandals Classic,Puma,Sandals,Grey,Women,875000.0,40,4.4,745,Clearance,2024-09-13,79.9,3.8,t
77,Reebok Badminton Classic,Reebok,Badminton,Orange,Unisex,1090000.0,50,4.0,988,Clearance,2022-11-14,23.0,2.7,f
78,Reebok Casual Lite,Reebok,Casual,Blue,Men,1073000.0,50,4.7,196,Discontinued,2022-10-14,31.3,1.1,f
79,Adidas Running Lite,Adidas,Running,Grey,Women,2713000.0,40,4.2,16,Clearance,2023-09-09,55.8,2.6,t
80,Converse Basketball Ultra,Converse,Basketball,Black,Unisex,2772000.0,50,4.9,267,Clearance,2023-06-14,4.9,3.3,f
81,Puma Basketball Lite,Puma,Basketball,Blue,Unisex,2667000.0,0,3.6,86,Discontinued,2020-06-01,39.8,5.0,f
82,Adidas Basketball Elite,Adidas,Basketball,Orange,Men,2951000.0,40,3.6,586,Discontinued,2022-05-21,53.0,2.7,t
83,Nike Football Ultra,Nike,Football,Black,Men,734000.0,40,4.7,680,New,2023-09-19,34.4,2.8,f
84,Nike Casual Elite,Nike,Casual,Red,Women,2954000.0,0,3.7,93,Discontinued,2020-12-24,31.0,1.3,t
85,Converse Football Pro,Converse,Football,Grey,Men,2753000.0,20,3.6,79,Regular,2023-09-13,20.2,2.5,t
86,Nike Badminton Classic,Nike,Badminton,Orange,Men,1120000.0,0,4.7,587,Regular,2022-05-27,65.0,1.9,t
87,Adidas Running Classic,Adidas,Running,Grey,Men,2751000.0,10,3.5,301,Discontinued,2023-11-13,44.9,3.5,t
88,Adidas Badminton Elite,Adidas,Badminton,Purple,Men,1131000.0,30,3.7,408,New,2024-05-07,70.7,4.8,t
89,Reebok Running Lite,Reebok,Running,Red,Women,1212000.0,0,4.1,549,Discontinued,2024-02-09,49.8,4.2,t
90,Reebok Running Pro,Reebok,Running,Green,Men,2135000.0,10,4.3,736,Discontinued,2023-09-06,32.4,2.1,t
91,Reebok Running Lite,Reebok,Running,Purple,Women,544000.0,0,4.9,854,Clearance,2020-07-30,52.7,2.6,t
92,Nike Sandals Lite,Nike,Sandals,Red,Women,569000.0,0,4.3,135,Discontinued,2021-03-25,75.4,1.6,t
93,Converse Badminton Elite,Converse,Badminton,Red,Men,2580000.0,10,4.2,72,Clearance,2022-10-28,84.9,2.7,t
94,Converse Sandals Pro,Converse,Sandals,Grey,Unisex,1474000.0,20,4.8,877,Clearance,2024-03-09,22.2,1.1,t
95,Nike Football Elite,Nike,Football,Purple,Women,1526000.0,30,4.8,380,Discontinued,2021-02-04,93.7,1.6,t
96,Converse Casual Pro,Converse,Casual,White,Women,2537000.0,30,4.9,758,Clearance,2022-09-05,26.0,2.9,t
97,Puma Football Pro,Puma,Football,Red,Women,576000.0,40,4.6,394,Clearance,2022-03-17,76.4,1.7,f
98,Converse Basketball Pro,Converse,Basketball,Pink,Women,541000.0,20,4.1,930,Clearance,2024-02-27,9.4,1.1,t
99,Reebok Casual Lite,Reebok,Casual,Black,Women,2488000.0,0,4.2,684,Discontinued,2022-06-05,20.0,2.3,t
100,Reebok Sandals Elite,Reebok,Sandals,Navy,Women,513000.0,50,4.7,188,Clearance,2020-02-28,76.3,4.7,t
101,Reebok Football Pro,Reebok,Football,Orange,Women,1212000.0,40,3.6,109,New,2024-10-12,85.6,2.6,t
102,Puma Basketball Ultra,Puma,Basketball,Navy,Women,880000.0,30,4.1,98,Discontinued,2023-07-14,36.7,1.8,f
103,Adidas Running Elite,Adidas,Running,Green,Women,2751000.0,30,4.0,80,New,2023-07-25,93.4,1.3,t
104,Puma Running Classic,Puma,Running,Purple,Men,2587000.0,30,4.0,270,New,2023-01-08,95.4,3.8,t
105,Puma Running Classic,Puma,Running,Green,Unisex,1367000.0,40,4.4,449,Regular,2024-02-13,49.1,4.0,f
106,Puma Tennis Pro,Puma,Tennis,Navy,Men,1410000.0,20,4.0,600,New,2022-03-26,37.5,4.5,t
107,Nike Basketball Elite,Nike,Basketball,Navy,Women,2853000.0,0,4.8,562,Clearance,2024-06-26,65.9,4.3,t
108,Nike Sandals Lite,Nike,Sandals,Grey,Men,1142000.0,30,4.1,940,New,2023-01-09,80.1,2.8,t
109,Adidas Basketball Elite,Adidas,Basketball,Black,Women,2547000.0,0,4.1,68,New,2023-07-22,67.1,3.4,t
110,Nike Football Lite,Nike,Football,Black,Men,1834000.0,0,4.0,850,Clearance,2021-09-06,1.5,2.3,t
111,Puma Football Elite,Puma,Football,Red,Women,900000.0,0,4.2,660,Clearance,2020-12-25,31.6,3.2,t
112,Adidas Tennis Ultra,Adidas,Tennis,Grey,Men,2374000.0,20,4.1,75,New,2020-10-12,56.1,3.6,f
113,Adidas Tennis Ultra,Adidas,Tennis,Black,Men,2715000.0,50,4.9,232,New,2020-02-04,77.1,1.5,f
114,Nike Tennis Pro,Nike,Tennis,Green,Men,2029000.0,0,4.4,60,Clearance,2020-04-28,10.4,4.2,t
115,Adidas Casual Ultra,Adidas,Casual,Grey,Men,1512000.0,30,4.4,344,Clearance,2024-05-06,94.4,3.8,t
116,Nike Tennis Classic,Nike,Tennis,Pink,Women,2354000.0,50,4.2,382,New,2020-01-25,76.4,1.2,t
117,Reebok Badminton Lite,Reebok,Badminton,Orange,Women,702000.0,0,4.4,297,Discontinued,2020-03-16,27.6,2.9,t
118,Reebok Badminton Elite,Reebok,Badminton,White,Unisex,1085000.0,0,5.0,129,Discontinued,2020-08-25,53.9,2.1,t
119,Nike Football Lite,Nike,Football,Grey,Women,1465000.0,0,4.3,744,Clearance,2023-10-13,1.4,1.6,f
120,Nike Badminton Lite,Nike,Badminton,Grey,Men,1723000.0,0,3.6,656,New,2024-01-20,35.0,1.2,f
121,Nike Football Lite,Nike,Football,Grey,Women,1967000.0,50,3.5,773,Discontinued,2023-12-26,49.3,2.1,t
122,Adidas Basketball Elite,Adidas,Basketball,Black,Women,2951000.0,0,4.2,842,Regular,2024-09-23,58.1,2.6,f
123,Adidas Casual Elite,Adidas,Casual,Black,Unisex,2152000.0,0,4.1,379,New,2022-10-29,62.7,4.7,t
124,Adidas Football Pro,Adidas,Football,White,Men,1679000.0,20,4.8,750,New,2024-02-22,15.5,4.0,t
125,Adidas Sandals Pro,Adidas,Sandals,Blue,Unisex,883000.0,20,4.2,975,Regular,2024-12-20,54.1,1.3,t
126,Adidas Sandals Lite,Adidas,Sandals,White,Unisex,993000.0,0,4.2,761,Discontinued,2020-02-16,8.4,4.2,f
127,Puma Football Classic,Puma,Football,White,Women,1413000.0,50,3.7,601,Regular,2021-03-23,78.8,3.2,f
128,Puma Basketball Elite,Puma,Basketball,Blue,Women,2915000.0,50,4.3,607,Discontinued,2021-12-02,36.4,3.8,t
129,Nike Badminton Elite,Nike,Badminton,Black,Unisex,2233000.0,20,4.1,687,Regular,2022-06-18,41.9,2.4,t
130,Reebok Tennis Classic,Reebok,Tennis,White,Men,711000.0,40,4.3,263,Clearance,2024-08-03,15.3,2.1,t
131,Nike Tennis Pro,Nike,Tennis,Blue,Women,1815000.0,0,4.4,936,Discontinued,2023-08-07,87.1,1.8,t
132,Nike Tennis Elite,Nike,Tennis,White,Men,2426000.0,0,3.9,466,Clearance,2022-06-27,82.4,1.3,t
133,Reebok Casual Classic,Reebok,Casual,Red,Women,2858000.0,0,4.2,342,New,2020-12-25,73.6,3.3,t
134,Reebok Tennis Lite,Reebok,Tennis,Black,Men,2118000.0,0,4.7,58,New,2020-07-21,84.7,1.6,t
135,Converse Badminton Pro,Converse,Badminton,Grey,Women,1252000.0,20,4.8,184,Discontinued,2024-12-02,53.7,3.5,t
136,Puma Basketball Lite,Puma,Basketball,Grey,Unisex,1383000.0,20,3.7,199,Regular,2022-12-11,4.3,2.4,t
137,Converse Casual Elite,Converse,Casual,Navy,Men,2772000.0,40,5.0,794,Discontinued,2021-09-28,45.7,4.7,f
138,Adidas Casual Ultra,Adidas,Casual,White,Unisex,2516000.0,40,3.6,543,New,2021-12-01,27.2,4.5,t
139,Converse Basketball Ultra,Converse,Basketball,Navy,Women,1911000.0,30,4.1,147,Clearance,2022-09-27,74.1,2.1,t
140,Nike Tennis Pro,Nike,Tennis,Orange,Men,1100000.0,40,4.4,650,Regular,2021-12-01,19.8,3.1,f
141,Converse Football Pro,Converse,Football,Red,Men,1712000.0,0,4.5,202,Clearance,2022-10-26,47.7,3.1,f
142,Nike Running Classic,Nike,Running,Pink,Unisex,1832000.0,50,4.5,215,Regular,2021-03-28,2.5,4.9,t
143,Converse Tennis Classic,Converse,Tennis,Navy,Men,787000.0,50,3.5,484,Discontinued,2023-05-15,10.6,2.1,t
144,Adidas Sandals Pro,Adidas,Sandals,White,Unisex,712000.0,0,4.8,262,Discontinued,2023-03-18,32.9,3.7,t
145,Nike Casual Lite,Nike,Casual,Grey,Unisex,2948000.0,30,5.0,690,Discontinued,2021-06-29,29.3,4.6,t
146,Adidas Running Pro,Adidas,Running,Blue,Women,883000.0,30,4.8,167,Clearance,2022-07-25,3.1,4.0,t
147,Converse Casual Pro,Converse,Casual,Black,Unisex,1444000.0,30,4.3,4,New,2020-09-11,65.0,3.9,t
148,Nike Football Lite,Nike,Football,Pink,Women,801000.0,0,3.8,790,Regular,2021-02-18,61.7,2.6,t
149,Reebok Basketball Ultra,Reebok,Basketball,Purple,Unisex,1988000.0,10,5.0,475,New,2023-12-06,16.0,3.3,t
150,Puma Badminton Elite,Puma,Badminton,Red,Unisex,971000.0,0,3.9,737,Discontinued,2020-03-05,71.4,2.1,f
151,Converse Tennis Ultra,Converse,Tennis,Green,Unisex,1855000.0,30,4.8,662,Clearance,2021-01-22,66.2,3.4,t
152,Converse Running Pro,Converse,Running,Green,Women,2279000.0,30,3.9,778,New,2023-02-10,29.3,1.1,f
153,Puma Tennis Classic,Puma,Tennis,Black,Women,1144000.0,0,4.5,211,Discontinued,2022-03-03,60.9,2.8,f
154,Nike Sandals Elite,Nike,Sandals,Navy,Men,2412000.0,40,4.7,214,New,2023-09-15,40.8,4.1,f
155,Puma Sandals Classic,Puma,Sandals,Pink,Men,2749000.0,0,4.7,738,Discontinued,2021-11-26,31.3,4.4,t
156,Converse Basketball Lite,Converse,Basketball,Grey,Men,2715000.0,30,4.4,740,Clearance,2021-04-01,13.3,4.7,t
157,Puma Running Lite,Puma,Running,Purple,Men,1847000.0,0,4.8,143,New,2021-05-20,79.3,2.4,f
158,Puma Tennis Elite,Puma,Tennis,Orange,Men,2086000.0,10,4.8,550,Discontinued,2020-08-08,9.2,3.0,t
159,Puma Football Pro,Puma,Football,Blue,Women,2702000.0,0,3.7,400,Regular,2023-06-02,72.7,1.6,f
160,Puma Casual Lite,Puma,Casual,Orange,Unisex,923000.0,20,3.8,540,Discontinued,2022-11-06,26.2,2.6,t
161,Reebok Basketball Elite,Reebok,Basketball,Purple,Unisex,1222000.0,0,4.9,331,New,2024-07-13,73.5,2.2,t
162,Adidas Sandals Elite,Adidas,Sandals,Red,Women,2487000.0,20,4.5,713,Discontinued,2021-10-25,8.9,1.2,t
163,Converse Football Pro,Converse,Football,Grey,Women,2774000.0,50,4.3,335,Discontinued,2022-07-06,71.3,1.9,t
164,Puma Basketball Ultra,Puma,Basketball,White,Women,2314000.0,0,4.9,10,Clearance,2023-03-03,23.3,4.7,t
165,Adidas Tennis Elite,Adidas,Tennis,Grey,Women,1153000.0,50,3.7,182,Regular,2024-10-30,21.9,4.0,t
166,Nike Tennis Classic,Nike,Tennis,Green,Women,969000.0,20,4.4,617,Regular,2024-08-20,97.9,2.4,t
167,Puma Basketball Elite,Puma,Basketball,Blue,Unisex,2206000.0,10,4.2,951,Clearance,2024-11-03,73.4,1.5,t
168,Puma Badminton Pro,Puma,Badminton,Purple,Unisex,510000.0,40,4.0,450,Discontinued,2020-11-24,1.2,4.3,t
169,Adidas Casual Elite,Adidas,Casual,White,Unisex,2208000.0,0,4.3,48,New,2020-12-13,53.2,2.9,t
170,Puma Football Elite,Puma,Football,White,Unisex,896000.0,0,4.3,292,Regular,2023-06-02,67.7,4.4,f
171,Converse Basketball Classic,Converse,Basketball,Navy,Unisex,975000.0,30,4.6,598,New,2020-08-14,2.3,3.1,t
172,Nike Tennis Elite,Nike,Tennis,Pink,Unisex,2186000.0,0,4.8,73,Discontinued,2021-03-22,73.8,2.3,f
173,Puma Casual Pro,Puma,Casual,Grey,Unisex,854000.0,10,4.1,415,Discontinued,2024-07-14,32.2,4.9,f
174,Reebok Football Classic,Reebok,Football,Blue,Unisex,2872000.0,50,4.9,556,New,2024-06-29,98.5,3.1,f
175,Reebok Football Elite,Reebok,Football,Purple,Men,1110000.0,0,4.4,521,Regular,2020-06-24,77.3,3.7,t
176,Reebok Running Elite,Reebok,Running,Green,Men,2707000.0,40,4.3,334,New,2024-02-28,21.4,4.2,t
177,Nike Badminton Pro,Nike,Badminton,Purple,Women,858000.0,0,3.8,915,Discontinued,2021-01-10,33.6,1.6,t
178,Converse Basketball Lite,Converse,Basketball,Grey,Unisex,969000.0,30,3.6,919,New,2021-08-02,13.9,4.7,t
179,Adidas Badminton Pro,Adidas,Badminton,Orange,Women,2879000.0,40,4.9,644,Clearance,2020-06-15,48.6,1.6,t
180,Converse Casual Ultra,Converse,Casual,Green,Unisex,2206000.0,40,3.5,692,New,2020-11-15,37.5,2.0,f
181,Converse Football Pro,Converse,Football,Pink,Unisex,1098000.0,50,4.5,561,New,2024-07-02,20.1,1.6,t
182,Converse Football Lite,Converse,Football,Grey,Unisex,512000.0,10,4.6,228,Discontinued,2021-04-11,48.8,3.1,t
183,Puma Football Ultra,Puma,Football,White,Unisex,784000.0,50,4.1,979,Regular,2023-04-15,18.0,2.2,f
184,Reebok Casual Pro,Reebok,Casual,Pink,Men,2296000.0,10,4.8,329,Discontinued,2024-08-06,65.9,4.7,t
185,Adidas Casual Classic,Adidas,Casual,Orange,Men,2569000.0,50,4.0,453,Clearance,2022-12-11,26.6,1.9,t
186,Reebok Casual Elite,Reebok,Casual,Pink,Unisex,1801000.0,10,4.4,383,Discontinued,2022-12-24,88.9,2.7,t
187,Adidas Badminton Ultra,Adidas,Badminton,Pink,Unisex,1894000.0,0,3.5,658,Discontinued,2022-05-26,73.8,2.9,t
188,Reebok Tennis Lite,Reebok,Tennis,Black,Unisex,2433000.0,10,4.6,554,New,2022-02-10,54.9,4.0,t
189,Nike Football Elite,Nike,Football,Grey,Unisex,2979000.0,50,4.9,557,New,2023-01-07,47.5,2.8,f
190,Reebok Badminton Lite,Reebok,Badminton,Green,Unisex,2365000.0,0,4.2,847,Clearance,2021-04-20,41.7,1.3,f
191,Converse Badminton Lite,Converse,Badminton,Grey,Women,2319000.0,10,3.7,909,New,2022-02-19,68.4,1.6,t
192,Reebok Tennis Elite,Reebok,Tennis,Black,Unisex,2376000.0,10,4.1,961,New,2022-01-17,12.6,4.5,t
193,Nike Sandals Ultra,Nike,Sandals,Purple,Men,1221000.0,40,4.7,182,New,2021-04-17,62.0,2.3,t
194,Reebok Basketball Classic,Reebok,Basketball,Navy,Unisex,1562000.0,30,4.1,371,Regular,2021-03-11,55.2,1.6,t
195,Reebok Running Ultra,Reebok,Running,Orange,Women,1874000.0,0,3.8,61,Regular,2023-09-22,10.8,3.4,t
196,Converse Sandals Pro,Converse,Sandals,Green,Unisex,1098000.0,0,4.3,929,Discontinued,2022-03-25,55.6,2.0,t
197,Reebok Badminton Ultra,Reebok,Badminton,Red,Men,1098000.0,0,4.5,516,New,2022-01-31,69.0,1.6,f
198,Puma Sandals Ultra,Puma,Sandals,Navy,Women,972000.0,30,4.4,33,Regular,2020-06-14,92.2,2.0,t
199,Puma Football Elite,Puma,Football,Pink,Unisex,2136000.0,50,4.2,585,New,2023-04-24,6.4,3.8,f
200,Nike Basketball Elite,Nike,Basketball,Black,Unisex,2865000.0,0,4.2,119,Clearance,2021-05-15,72.4,3.2,t
201,Adidas Casual Elite,Adidas,Casual,Grey,Men,2879000.0,20,4.6,532,New,2020-12-11,62.5,4.7,f
202,Puma Basketball Ultra,Puma,Basketball,Blue,Women,1031000.0,40,4.2,464,Discontinued,2024-05-29,43.7,1.5,f
203,Puma Football Lite,Puma,Football,Red,Men,2599000.0,10,4.4,155,Discontinued,2022-02-01,85.1,2.1,t
204,Reebok Sandals Pro,Reebok,Sandals,White,Men,1237000.0,40,4.3,308,New,2022-10-06,88.6,3.1,t
205,Puma Football Classic,Puma,Football,Navy,Women,1927000.0,40,3.7,401,New,2021-12-31,36.7,1.3,f
206,Converse Football Lite,Converse,Football,Grey,Women,2546000.0,10,4.9,133,Regular,2021-04-01,2.7,2.6,t
207,Reebok Casual Pro,Reebok,Casual,Blue,Men,924000.0,0,3.5,51,Regular,2021-06-20,80.6,1.0,t
208,Converse Sandals Elite,Converse,Sandals,Blue,Men,2412000.0,30,4.6,926,Regular,2021-07-03,12.9,3.8,t
209,Puma Sandals Pro,Puma,Sandals,Purple,Women,2513000.0,0,4.7,531,Discontinued,2021-08-14,70.7,1.1,t
210,Reebok Sandals Classic,Reebok,Sandals,White,Men,2983000.0,0,4.4,826,Discontinued,2022-02-21,19.1,4.8,t
211,Nike Running Classic,Nike,Running,Red,Men,1251000.0,0,4.0,243,Regular,2023-05-19,11.5,4.5,t
212,Nike Sandals Lite,Nike,Sandals,Purple,Men,1765000.0,0,4.3,227,Clearance,2020-01-09,23.0,1.7,t
213,Converse Badminton Pro,Converse,Badminton,Green,Men,2413000.0,50,4.8,831,New,2023-01-19,51.9,1.5,t
214,Nike Badminton Ultra,Nike,Badminton,Navy,Women,806000.0,10,3.6,685,New,2024-05-25,73.9,2.8,t
215,Adidas Basketball Ultra,Adidas,Basketball,Blue,Unisex,1482000.0,0,4.1,919,Clearance,2023-01-06,35.5,1.2,t
216,Puma Casual Lite,Puma,Casual,Grey,Men,2705000.0,30,3.9,43,Discontinued,2020-07-15,72.2,3.4,t
217,Converse Basketball Ultra,Converse,Basketball,Navy,Women,960000.0,0,3.6,255,Clearance,2021-09-03,92.5,4.4,f
218,Adidas Basketball Lite,Adidas,Basketball,Pink,Unisex,989000.0,20,3.6,794,Clearance,2022-09-21,55.0,4.9,f
219,Puma Running Classic,Puma,Running,Purple,Women,2922000.0,0,4.4,114,Regular,2023-12-30,71.4,2.6,t
220,Nike Tennis Ultra,Nike,Tennis,Purple,Men,2807000.0,0,4.6,45,Regular,2020-09-28,3.3,4.4,t
221,Reebok Badminton Ultra,Reebok,Badminton,Red,Men,1559000.0,0,3.8,615,Clearance,2020-03-12,23.3,1.6,t
222,Converse Running Ultra,Converse,Running,Green,Men,2880000.0,0,3.7,139,New,2024-03-21,32.1,2.1,f
223,Puma Basketball Elite,Puma,Basketball,Orange,Women,1147000.0,0,4.4,327,Regular,2022-10-23,31.8,4.2,t
224,Adidas Badminton Ultra,Adidas,Badminton,Grey,Men,1432000.0,0,4.7,769,Discontinued,2022-04-28,3.0,4.8,t
225,Nike Casual Ultra,Nike,Casual,Black,Men,1340000.0,0,4.2,208,Clearance,2024-07-02,2.4,2.0,t
226,Puma Basketball Lite,Puma,Basketball,Grey,Unisex,1002000.0,30,4.9,719,Discontinued,2024-01-05,98.3,3.3,t
227,Nike Badminton Ultra,Nike,Badminton,Pink,Men,2847000.0,0,4.9,932,Clearance,2022-05-14,4.4,1.2,t
228,Adidas Tennis Lite,Adidas,Tennis,Navy,Unisex,1435000.0,50,4.0,939,New,2020-10-13,82.4,1.2,f
229,Reebok Sandals Pro,Reebok,Sandals,Grey,Unisex,1009000.0,30,4.5,381,New,2022-03-31,73.5,3.8,t
230,Converse Football Pro,Converse,Football,Red,Men,1761000.0,30,4.3,800,Regular,2023-03-17,56.7,2.7,t
231,Puma Sandals Elite,Puma,Sandals,Pink,Women,835000.0,20,4.8,791,New,2020-12-05,97.6,4.7,t
232,Puma Sandals Ultra,Puma,Sandals,Green,Unisex,1872000.0,10,4.5,289,Discontinued,2020-06-12,52.3,1.9,t
233,Adidas Sandals Elite,Adidas,Sandals,White,Unisex,1671000.0,50,3.6,835,Discontinued,2021-04-01,91.8,3.7,t
234,Adidas Football Classic,Adidas,Football,Blue,Women,960000.0,0,4.6,39,Regular,2022-11-14,48.1,4.5,t
235,Puma Casual Ultra,Puma,Casual,Red,Women,2262000.0,0,4.4,374,Clearance,2024-02-01,84.3,2.1,t
236,Reebok Badminton Elite,Reebok,Badminton,Grey,Unisex,1307000.0,0,3.8,596,Clearance,2020-04-19,87.0,1.8,t
237,Nike Tennis Lite,Nike,Tennis,White,Men,1453000.0,50,4.6,315,Clearance,2023-06-11,14.3,4.2,t
238,Reebok Football Lite,Reebok,Football,Red,Women,1636000.0,0,4.8,935,Regular,2023-05-15,62.0,3.3,t
239,Adidas Tennis Elite,Adidas,Tennis,Blue,Women,1807000.0,0,5.0,635,Clearance,2022-12-07,66.7,2.8,t
240,Reebok Running Ultra,Reebok,Running,Orange,Unisex,1472000.0,20,3.7,500,Regular,2022-12-03,3.4,1.9,f
241,Adidas Sandals Lite,Adidas,Sandals,Red,Women,1939000.0,20,4.5,526,Clearance,2022-02-18,9.3,4.2,t
242,Converse Casual Ultra,Converse,Casual,Grey,Men,2224000.0,0,3.7,772,Discontinued,2021-04-24,1.3,4.6,f
243,Nike Football Ultra,Nike,Football,Grey,Women,2944000.0,50,3.9,563,Clearance,2020-09-17,89.8,4.0,f
244,Reebok Football Elite,Reebok,Football,Orange,Men,2876000.0,0,4.7,705,Regular,2024-02-20,95.6,3.4,t
245,Puma Badminton Classic,Puma,Badminton,White,Unisex,2800000.0,0,4.5,75,Clearance,2022-11-10,74.0,4.3,t
246,Puma Badminton Pro,Puma,Badminton,White,Unisex,2361000.0,40,3.6,382,Discontinued,2020-01-17,95.9,3.4,f
247,Nike Basketball Classic,Nike,Basketball,Red,Unisex,1340000.0,20,4.8,784,Clearance,2022-07-09,28.1,1.4,t
248,Nike Football Pro,Nike,Football,Black,Women,810000.0,50,4.9,389,Clearance,2021-02-19,25.1,1.4,f
249,Converse Football Elite,Converse,Football,White,Men,1992000.0,40,4.5,4,Regular,2021-03-07,20.5,4.3,t
250,Adidas Football Pro,Adidas,Football,Black,Men,1298000.0,10,4.5,420,Regular,2021-07-31,83.5,1.3,t
251,Puma Basketball Lite,Puma,Basketball,Black,Men,1991000.0,20,4.6,421,Discontinued,2024-04-24,39.6,3.0,t
252,Puma Sandals Ultra,Puma,Sandals,Blue,Women,2101000.0,0,3.9,302,Regular,2024-10-30,88.1,2.9,f
253,Reebok Basketball Pro,Reebok,Basketball,White,Women,2310000.0,50,3.9,818,Regular,2023-08-27,3.8,3.0,t
254,Converse Sandals Lite,Converse,Sandals,Pink,Men,2545000.0,40,4.3,836,Regular,2021-10-01,68.9,4.9,t
255,Converse Running Elite,Converse,Running,White,Men,1697000.0,50,4.5,777,New,2022-01-29,37.3,2.6,t
256,Puma Tennis Pro,Puma,Tennis,Navy,Women,1133000.0,0,4.4,18,Clearance,2022-03-04,99.2,1.2,f
257,Converse Casual Elite,Converse,Casual,Grey,Unisex,1711000.0,0,4.7,293,Clearance,2024-03-01,61.8,3.5,f
258,Adidas Badminton Ultra,Adidas,Badminton,Navy,Men,2413000.0,20,4.2,208,Discontinued,2021-04-17,31.5,4.7,t
259,Reebok Badminton Pro,Reebok,Badminton,Grey,Women,1724000.0,10,4.0,14,Regular,2023-05-05,28.1,1.2,f
260,Puma Badminton Classic,Puma,Badminton,Orange,Men,2958000.0,0,3.6,714,Clearance,2021-07-27,2.6,3.6,f
261,Adidas Running Ultra,Adidas,Running,Grey,Men,1233000.0,50,4.9,844,Clearance,2023-02-07,50.4,4.9,t
262,Puma Football Pro,Puma,Football,Grey,Women,634000.0,0,4.7,581,Clearance,2023-11-24,60.7,3.1,f
263,Adidas Basketball Pro,Adidas,Basketball,Green,Unisex,1731000.0,50,4.5,485,Regular,2021-01-11,38.9,4.8,t
264,Adidas Casual Lite,Adidas,Casual,Blue,Women,1765000.0,0,3.6,270,New,2022-12-08,6.3,3.9,t
265,Nike Football Elite,Nike,Football,Orange,Men,1252000.0,0,4.0,170,Clearance,2023-02-28,22.1,2.6,t
266,Puma Football Lite,Puma,Football,Green,Unisex,1004000.0,20,4.5,531,Discontinued,2024-10-13,32.6,1.6,t
267,Puma Casual Classic,Puma,Casual,Black,Men,1284000.0,40,4.1,346,New,2022-08-12,6.5,4.5,t
268,Converse Basketball Elite,Converse,Basketball,Blue,Unisex,2960000.0,0,4.2,70,Regular,2023-07-12,30.7,3.0,f
269,Nike Basketball Elite,Nike,Basketball,White,Unisex,1531000.0,30,4.7,571,New,2020-01-28,4.5,1.4,t
270,Converse Badminton Elite,Converse,Badminton,Grey,Women,2013000.0,0,4.6,92,Clearance,2021-08-02,57.6,4.6,f
271,Converse Sandals Classic,Converse,Sandals,Pink,Men,588000.0,20,3.6,721,Regular,2022-07-21,8.1,4.7,t
272,Converse Tennis Lite,Converse,Tennis,Purple,Men,938000.0,0,3.9,856,Regular,2022-04-17,27.6,2.4,t
273,Converse Tennis Lite,Converse,Tennis,Black,Unisex,2168000.0,0,4.7,767,Discontinued,2021-01-06,78.2,2.2,t
274,Reebok Football Pro,Reebok,Football,Black,Men,2536000.0,40,4.6,590,Clearance,2021-08-05,51.2,4.3,t
275,Converse Football Ultra,Converse,Football,Orange,Women,1207000.0,0,4.0,402,New,2022-04-16,10.7,4.0,t
276,Puma Sandals Lite,Puma,Sandals,White,Unisex,1840000.0,40,4.7,581,New,2024-04-11,79.1,2.3,f
277,Converse Badminton Pro,Converse,Badminton,Pink,Unisex,1366000.0,50,4.1,921,Regular,2024-02-18,66.9,2.9,f
278,Puma Football Pro,Puma,Football,Red,Men,1160000.0,50,3.8,735,New,2023-10-14,47.6,1.1,t
279,Converse Basketball Lite,Converse,Basketball,Blue,Women,2614000.0,0,3.5,257,Regular,2024-11-10,77.8,4.5,f
280,Converse Badminton Lite,Converse,Badminton,Blue,Women,2984000.0,30,3.5,414,New,2020-06-16,28.0,2.0,t
281,Adidas Badminton Elite,Adidas,Badminton,Green,Men,526000.0,0,4.8,1,New,2022-11-24,51.1,1.7,f
282,Converse Tennis Elite,Converse,Tennis,Orange,Men,1851000.0,0,3.5,834,Discontinued,2022-10-25,55.5,1.0,f
283,Adidas Tennis Pro,Adidas,Tennis,Green,Women,1025000.0,10,4.0,827,New,2023-06-01,28.5,4.9,t
284,Converse Casual Elite,Converse,Casual,Pink,Unisex,2519000.0,30,4.0,667,Regular,2024-02-02,11.8,4.3,t
285,Puma Tennis Lite,Puma,Tennis,Grey,Women,556000.0,30,4.7,273,New,2023-06-12,60.8,4.2,t
286,Adidas Football Lite,Adidas,Football,Orange,Women,609000.0,10,4.5,26,New,2020-03-27,70.3,1.2,t
287,Converse Running Lite,Converse,Running,Blue,Unisex,1077000.0,30,3.7,967,New,2020-11-11,75.9,2.0,f
288,Nike Running Elite,Nike,Running,Orange,Men,2311000.0,20,4.0,42,Discontinued,2021-04-03,60.6,2.8,t
289,Reebok Basketball Classic,Reebok,Basketball,Red,Women,2272000.0,10,3.8,315,Discontinued,2024-09-04,8.8,1.2,t
290,Reebok Football Ultra,Reebok,Football,Black,Unisex,2844000.0,40,4.9,891,Discontinued,2020-11-08,62.2,1.3,t
291,Adidas Tennis Pro,Adidas,Tennis,Red,Unisex,1136000.0,0,4.2,581,Clearance,2021-08-21,53.1,3.6,t
292,Converse Running Classic,Converse,Running,Green,Men,1619000.0,0,3.5,744,Regular,2024-04-14,17.7,2.2,t
293,Reebok Running Lite,Reebok,Running,Grey,Men,2504000.0,0,3.9,507,Discontinued,2022-06-22,93.1,4.9,f
294,Converse Basketball Ultra,Converse,Basketball,Green,Men,667000.0,30,4.6,951,New,2024-10-06,78.6,2.4,t
295,Converse Sandals Ultra,Converse,Sandals,Red,Men,1757000.0,40,4.0,834,Clearance,2021-04-30,10.5,2.6,t
296,Reebok Badminton Pro,Reebok,Badminton,White,Unisex,2328000.0,0,4.2,661,Discontinued,2021-11-26,37.9,1.9,t
297,Nike Badminton Ultra,Nike,Badminton,Pink,Men,2206000.0,40,3.8,801,Regular,2020-01-25,61.9,4.7,t
298,Nike Sandals Ultra,Nike,Sandals,Pink,Men,1239000.0,30,4.3,148,Clearance,2021-01-13,29.4,2.5,t
299,Converse Tennis Classic,Converse,Tennis,Pink,Men,636000.0,0,4.6,824,Clearance,2024-04-25,30.9,4.6,t
300,Converse Basketball Ultra,Converse,Basketball,Orange,Women,1445000.0,0,4.6,512,Regular,2021-03-05,69.9,2.2,f
301,Reebok Badminton Elite,Reebok,Badminton,Purple,Unisex,636000.0,0,4.0,77,Clearance,2021-02-16,24.5,1.6,t
302,Adidas Casual Lite,Adidas,Casual,Green,Men,2711000.0,50,4.0,661,New,2022-02-09,71.6,1.5,f
303,Reebok Running Lite,Reebok,Running,Black,Men,2625000.0,40,3.5,474,New,2022-05-03,0.6,2.5,f
304,Reebok Sandals Pro,Reebok,Sandals,Green,Men,887000.0,0,4.3,423,Regular,2021-11-18,37.1,3.7,t
305,Reebok Casual Classic,Reebok,Casual,Grey,Unisex,1019000.0,30,3.9,617,Discontinued,2022-02-25,52.4,2.0,t
306,Adidas Tennis Pro,Adidas,Tennis,Red,Men,710000.0,30,4.9,656,Regular,2021-03-03,32.3,2.0,f
307,Adidas Casual Classic,Adidas,Casual,Orange,Men,2659000.0,10,4.3,834,Discontinued,2023-12-12,55.1,4.6,f
308,Converse Sandals Pro,Converse,Sandals,Blue,Unisex,2266000.0,40,3.9,713,Discontinued,2020-11-18,17.0,4.1,f
309,Converse Running Pro,Converse,Running,Grey,Men,1356000.0,40,4.7,658,New,2023-11-02,93.4,3.2,t
310,Converse Football Lite,Converse,Football,White,Men,1719000.0,0,3.9,485,Clearance,2020-10-24,14.1,2.1,t
311,Adidas Tennis Elite,Adidas,Tennis,Navy,Men,1749000.0,0,4.9,822,Clearance,2022-03-21,12.3,4.7,t
312,Adidas Football Ultra,Adidas,Football,Green,Women,2832000.0,50,4.2,303,New,2020-01-25,57.8,3.3,t
313,Puma Badminton Elite,Puma,Badminton,Grey,Women,2532000.0,40,4.8,236,New,2020-09-08,91.3,4.3,t
314,Converse Tennis Lite,Converse,Tennis,Orange,Women,1837000.0,30,4.2,495,Regular,2024-04-11,6.2,2.1,f
315,Converse Badminton Classic,Converse,Badminton,Green,Women,1514000.0,0,4.0,364,Regular,2022-12-27,85.9,3.5,t
316,Reebok Running Classic,Reebok,Running,Green,Unisex,1855000.0,0,4.0,720,Discontinued,2020-04-27,78.4,1.6,f
317,Reebok Tennis Pro,Reebok,Tennis,Black,Women,2720000.0,0,3.7,710,Clearance,2024-12-23,47.7,3.1,t
318,Converse Sandals Lite,Converse,Sandals,Blue,Women,729000.0,0,3.7,952,Regular,2024-01-20,75.2,2.7,t
319,Reebok Running Elite,Reebok,Running,Grey,Unisex,2934000.0,40,3.8,709,Discontinued,2023-08-18,89.0,1.2,t
320,Nike Badminton Elite,Nike,Badminton,White,Women,2412000.0,40,3.6,203,Regular,2024-03-15,53.3,3.6,t
321,Reebok Basketball Elite,Reebok,Basketball,Orange,Men,681000.0,50,3.7,494,Regular,2020-01-03,42.4,4.0,t
322,Puma Casual Pro,Puma,Casual,Grey,Men,673000.0,0,3.8,275,Regular,2022-07-29,32.9,1.6,t
323,Puma Football Pro,Puma,Football,White,Women,2400000.0,30,4.1,954,New,2023-01-16,17.7,4.6,f
324,Nike Casual Elite,Nike,Casual,Orange,Unisex,2286000.0,30,3.8,550,Clearance,2021-01-02,3.1,2.7,t
325,Puma Casual Classic,Puma,Casual,Orange,Women,1688000.0,50,3.8,992,Regular,2022-01-25,21.5,2.9,t
326,Adidas Running Classic,Adidas,Running,Blue,Men,1704000.0,10,4.7,60,Clearance,2020-02-21,26.4,4.5,t
327,Puma Sandals Classic,Puma,Sandals,Grey,Unisex,2950000.0,40,4.9,452,New,2020-10-09,97.0,1.7,f
328,Converse Casual Classic,Converse,Casual,Blue,Men,2699000.0,30,4.4,415,Regular,2022-02-15,60.9,4.5,t
329,Converse Badminton Classic,Converse,Badminton,Navy,Women,2346000.0,0,4.1,685,Clearance,2021-08-12,68.2,1.8,t
330,Reebok Sandals Classic,Reebok,Sandals,Orange,Women,1974000.0,30,4.5,85,Regular,2023-09-17,58.1,4.4,f
331,Puma Running Ultra,Puma,Running,White,Unisex,585000.0,0,4.2,157,Regular,2024-03-31,62.6,1.5,f
332,Nike Casual Elite,Nike,Casual,Navy,Unisex,1577000.0,30,3.5,377,Regular,2022-04-25,25.4,4.2,f
333,Adidas Badminton Pro,Adidas,Badminton,White,Women,1405000.0,20,4.1,731,Clearance,2021-05-21,12.2,4.5,t
334,Puma Badminton Lite,Puma,Badminton,Red,Women,2804000.0,10,3.5,545,Clearance,2020-06-18,65.1,2.4,t
335,Reebok Tennis Elite,Reebok,Tennis,Grey,Women,1177000.0,0,4.5,404,New,2023-11-09,37.0,2.3,t
336,Reebok Sandals Ultra,Reebok,Sandals,Grey,Women,2057000.0,10,4.5,541,Clearance,2022-12-31,97.1,2.8,t
337,Reebok Basketball Pro,Reebok,Basketball,Blue,Men,1999000.0,0,3.9,312,Regular,2020-06-01,64.4,1.5,t
338,Puma Casual Lite,Puma,Casual,Orange,Men,1932000.0,10,4.5,53,New,2024-10-29,67.5,2.2,f
339,Reebok Casual Classic,Reebok,Casual,Orange,Women,1528000.0,0,3.5,405,Discontinued,2023-11-10,63.1,3.5,t
340,Puma Badminton Pro,Puma,Badminton,Blue,Women,2033000.0,20,4.7,143,Discontinued,2024-10-10,12.9,2.8,t
341,Reebok Casual Elite,Reebok,Casual,Green,Men,2285000.0,0,4.2,846,Clearance,2021-07-15,37.3,2.5,t
342,Converse Tennis Elite,Converse,Tennis,Blue,Unisex,2118000.0,40,4.3,447,Discontinued,2020-03-17,21.8,4.2,t
343,Puma Casual Pro,Puma,Casual,Green,Men,1399000.0,50,3.5,419,New,2021-03-10,74.8,3.5,t
344,Converse Badminton Classic,Converse,Badminton,Purple,Men,1345000.0,10,3.7,532,Clearance,2020-05-08,78.3,3.2,t
345,Converse Badminton Lite,Converse,Badminton,Pink,Men,1007000.0,0,3.7,771,New,2020-11-12,22.6,3.6,t
346,Nike Casual Ultra,Nike,Casual,White,Unisex,1344000.0,20,4.9,354,New,2024-02-28,60.0,2.2,t
347,Reebok Running Classic,Reebok,Running,Red,Women,2217000.0,40,4.4,924,Clearance,2024-07-11,88.0,1.5,t
348,Adidas Running Ultra,Adidas,Running,Pink,Women,1693000.0,50,4.3,480,Discontinued,2020-10-01,12.9,3.1,f
349,Reebok Casual Lite,Reebok,Casual,Black,Men,1662000.0,40,4.8,858,New,2020-04-25,5.2,1.7,t
350,Converse Football Elite,Converse,Football,Grey,Men,2026000.0,10,4.5,306,New,2022-10-31,1.9,2.7,t
351,Puma Badminton Classic,Puma,Badminton,Blue,Women,2755000.0,30,4.7,471,Regular,2021-02-14,77.7,3.8,f
352,Reebok Casual Ultra,Reebok,Casual,Green,Men,2961000.0,0,4.7,122,New,2020-11-07,53.2,1.8,t
353,Reebok Football Lite,Reebok,Football,Green,Unisex,2612000.0,0,3.5,693,Regular,2024-03-21,72.6,3.8,f
354,Adidas Football Elite,Adidas,Football,Red,Women,2517000.0,30,4.1,900,Clearance,2021-02-05,60.1,3.6,f
355,Nike Sandals Ultra,Nike,Sandals,Grey,Unisex,1825000.0,0,3.8,484,New,2023-11-27,27.7,2.5,t
356,Converse Running Classic,Converse,Running,Black,Men,2120000.0,50,4.4,385,Regular,2022-03-01,82.7,2.0,t
357,Nike Basketball Elite,Nike,Basketball,Purple,Men,881000.0,10,4.1,972,Discontinued,2020-04-24,57.9,2.6,t
358,Reebok Tennis Pro,Reebok,Tennis,Green,Women,2714000.0,40,4.2,707,Discontinued,2020-06-30,11.8,4.3,t
359,Nike Tennis Ultra,Nike,Tennis,White,Women,2035000.0,40,4.1,173,Clearance,2020-07-24,96.6,4.3,f
360,Converse Badminton Elite,Converse,Badminton,Green,Women,656000.0,20,3.9,173,Discontinued,2020-07-18,23.6,3.4,t
361,Converse Running Classic,Converse,Running,Black,Women,1188000.0,0,5.0,448,Regular,2023-11-07,28.2,4.4,f
362,Adidas Tennis Lite,Adidas,Tennis,Navy,Unisex,906000.0,20,4.4,853,Discontinued,2022-12-27,56.0,4.2,t
363,Converse Tennis Pro,Converse,Tennis,White,Women,2928000.0,10,4.5,880,New,2024-01-24,96.4,4.3,f
364,Reebok Running Ultra,Reebok,Running,Pink,Unisex,1017000.0,10,3.8,172,Discontinued,2021-04-11,81.9,1.5,t
365,Puma Casual Elite,Puma,Casual,Red,Unisex,2197000.0,0,4.1,244,New,2024-03-16,64.4,1.2,t
366,Adidas Basketball Classic,Adidas,Basketball,Pink,Unisex,1458000.0,30,3.7,468,Clearance,2024-11-27,23.9,3.3,f
367,Reebok Running Elite,Reebok,Running,Pink,Women,519000.0,20,4.0,105,Discontinued,2023-04-25,81.9,2.5,t
368,Converse Casual Ultra,Converse,Casual,Orange,Men,1252000.0,20,4.6,591,New,2022-05-21,39.7,3.2,f
369,Converse Tennis Elite,Converse,Tennis,Pink,Unisex,2677000.0,0,4.3,817,New,2023-01-17,15.5,1.8,f
370,Nike Sandals Classic,Nike,Sandals,Orange,Unisex,2472000.0,20,3.6,194,Regular,2020-01-08,97.3,3.8,t
371,Puma Basketball Elite,Puma,Basketball,Navy,Men,643000.0,40,3.6,344,Regular,2024-01-03,73.1,4.5,t
372,Reebok Casual Lite,Reebok,Casual,Green,Men,1106000.0,0,4.8,677,Clearance,2020-01-02,39.5,2.9,t
373,Puma Tennis Classic,Puma,Tennis,Purple,Women,631000.0,0,3.8,932,Discontinued,2021-10-25,78.0,3.4,f
374,Reebok Casual Classic,Reebok,Casual,Grey,Women,2157000.0,40,3.8,79,Regular,2022-03-26,34.3,4.7,t
375,Nike Running Elite,Nike,Running,Navy,Men,973000.0,50,4.2,714,New,2023-01-30,57.9,2.6,t
376,Adidas Basketball Ultra,Adidas,Basketball,Red,Unisex,2123000.0,20,3.6,266,New,2023-06-17,96.2,3.2,t
377,Nike Casual Elite,Nike,Casual,Black,Men,2280000.0,0,4.8,700,Clearance,2021-04-26,50.6,4.6,f
378,Puma Football Pro,Puma,Football,Orange,Unisex,1365000.0,40,4.8,82,Regular,2022-01-04,35.3,2.3,t
379,Adidas Badminton Ultra,Adidas,Badminton,White,Women,1161000.0,0,4.5,77,Clearance,2024-11-19,44.8,1.1,t
380,Puma Sandals Pro,Puma,Sandals,Red,Women,1939000.0,0,4.5,35,New,2020-10-03,76.5,3.9,f
381,Converse Tennis Elite,Converse,Tennis,Purple,Women,2984000.0,0,4.6,901,Regular,2024-11-22,53.4,3.2,t
382,Converse Tennis Lite,Converse,Tennis,Green,Men,2384000.0,50,4.5,656,Discontinued,2024-09-01,24.8,4.4,t
383,Nike Running Lite,Nike,Running,Purple,Unisex,1408000.0,20,4.3,451,Regular,2021-09-06,33.6,4.1,t
384,Puma Football Elite,Puma,Football,Red,Women,718000.0,30,4.2,273,Regular,2020-04-16,94.5,1.2,f
385,Nike Basketball Lite,Nike,Basketball,Green,Women,1952000.0,20,4.2,954,Clearance,2020-07-03,0.9,2.7,t
386,Nike Basketball Elite,Nike,Basketball,Pink,Men,834000.0,30,4.6,730,Discontinued,2020-09-26,97.2,1.9,t
387,Reebok Running Lite,Reebok,Running,Orange,Women,1950000.0,40,3.5,532,Regular,2021-10-22,44.6,1.9,f
388,Nike Tennis Ultra,Nike,Tennis,Blue,Women,2054000.0,10,4.0,123,Discontinued,2021-10-27,90.5,3.9,t
389,Adidas Casual Ultra,Adidas,Casual,Grey,Men,1913000.0,20,3.9,543,New,2023-11-01,98.1,4.4,t
390,Adidas Casual Lite,Adidas,Casual,Grey,Unisex,2340000.0,10,4.3,85,Discontinued,2022-11-22,31.0,5.0,f
391,Nike Sandals Ultra,Nike,Sandals,Grey,Unisex,2532000.0,40,4.9,320,Clearance,2021-06-24,18.0,1.7,f
392,Reebok Basketball Classic,Reebok,Basketball,Black,Women,2013000.0,0,4.1,239,Regular,2024-05-11,18.4,3.5,t
393,Adidas Sandals Classic,Adidas,Sandals,Grey,Unisex,764000.0,0,3.9,668,Discontinued,2020-12-19,44.7,4.4,t
394,Nike Tennis Classic,Nike,Tennis,White,Men,2490000.0,10,3.9,520,Discontinued,2022-03-07,10.1,2.6,t
395,Puma Football Pro,Puma,Football,White,Women,1105000.0,0,3.9,565,New,2022-07-25,47.9,1.8,f
396,Puma Badminton Ultra,Puma,Badminton,White,Unisex,1173000.0,10,4.9,755,New,2023-02-06,3.2,1.9,t
397,Converse Tennis Pro,Converse,Tennis,White,Unisex,523000.0,10,3.8,880,New,2021-04-01,97.4,4.7,t
398,Reebok Football Ultra,Reebok,Football,Red,Unisex,1858000.0,0,4.1,523,Clearance,2024-06-06,26.9,3.0,f
399,Nike Sandals Ultra,Nike,Sandals,White,Women,1262000.0,40,4.2,828,Regular,2021-04-10,28.9,3.1,f
400,Converse Football Ultra,Converse,Football,Orange,Women,1468000.0,40,3.6,794,Discontinued,2024-04-07,76.2,2.3,t
401,Converse Football Elite,Converse,Football,Grey,Unisex,2116000.0,40,4.1,948,Clearance,2021-04-16,57.5,4.3,f
402,Reebok Running Ultra,Reebok,Running,Grey,Unisex,678000.0,30,4.5,333,Clearance,2020-12-15,19.5,3.1,f
403,Reebok Casual Classic,Reebok,Casual,Red,Women,1940000.0,30,4.8,739,Regular,2023-07-06,61.6,4.4,t
404,Puma Casual Pro,Puma,Casual,Purple,Unisex,2295000.0,30,4.2,560,Discontinued,2021-08-01,81.0,3.7,t
405,Nike Casual Lite,Nike,Casual,Grey,Unisex,1951000.0,50,4.7,973,Regular,2024-10-09,99.8,1.6,t
406,Converse Badminton Pro,Converse,Badminton,Orange,Men,2738000.0,10,4.5,980,New,2022-09-17,52.0,1.0,t
407,Adidas Football Ultra,Adidas,Football,Green,Unisex,1527000.0,0,4.4,929,Discontinued,2023-12-12,31.2,4.1,t
408,Puma Football Classic,Puma,Football,Green,Men,1657000.0,40,3.6,103,Discontinued,2023-06-14,50.3,4.0,t
409,Converse Sandals Pro,Converse,Sandals,Blue,Women,1341000.0,10,4.3,465,New,2022-07-14,61.6,3.5,t
410,Converse Running Elite,Converse,Running,Black,Unisex,1009000.0,30,4.3,328,New,2022-07-05,48.3,4.8,f
411,Converse Running Classic,Converse,Running,Navy,Women,2376000.0,10,4.4,904,Regular,2020-03-09,96.1,4.2,t
412,Nike Tennis Pro,Nike,Tennis,Pink,Unisex,1458000.0,40,4.3,841,Regular,2022-02-02,6.3,2.0,t
413,Puma Running Elite,Puma,Running,Pink,Men,2344000.0,40,4.3,612,Clearance,2023-07-04,71.4,1.8,t
414,Puma Basketball Classic,Puma,Basketball,Black,Men,2717000.0,30,4.1,551,Clearance,2022-02-24,32.3,2.0,t
415,Puma Casual Lite,Puma,Casual,Navy,Men,2497000.0,10,4.7,703,Clearance,2020-03-27,23.4,2.1,t
416,Nike Basketball Elite,Nike,Basketball,Pink,Unisex,2847000.0,20,4.5,885,Clearance,2024-09-08,33.6,3.5,f
417,Reebok Basketball Elite,Reebok,Basketball,Purple,Men,2273000.0,20,4.2,134,New,2024-07-23,30.8,4.9,t
418,Converse Running Classic,Converse,Running,Red,Women,1017000.0,0,3.5,1000,Regular,2022-09-30,85.4,1.4,f
419,Converse Casual Classic,Converse,Casual,Grey,Unisex,1063000.0,50,4.8,718,Regular,2023-10-11,67.9,4.6,f
420,Converse Casual Lite,Converse,Casual,Green,Men,1293000.0,40,3.6,510,New,2022-06-05,88.3,3.3,t
421,Puma Football Lite,Puma,Football,Grey,Unisex,2046000.0,0,4.8,400,New,2020-12-05,0.9,1.2,t
422,Adidas Running Classic,Adidas,Running,Blue,Unisex,1545000.0,40,4.6,881,Clearance,2022-03-23,80.9,3.4,t
423,Reebok Sandals Pro,Reebok,Sandals,Navy,Unisex,1203000.0,30,3.9,716,Discontinued,2021-03-02,15.5,4.0,f
424,Adidas Running Elite,Adidas,Running,Grey,Unisex,2190000.0,0,4.7,840,New,2024-10-03,39.9,2.1,t
425,Converse Basketball Lite,Converse,Basketball,Orange,Men,2305000.0,40,5.0,88,Clearance,2022-08-21,26.5,3.3,f
426,Reebok Sandals Classic,Reebok,Sandals,Grey,Women,649000.0,40,4.3,706,Clearance,2023-12-01,98.6,1.3,t
427,Adidas Tennis Pro,Adidas,Tennis,Pink,Unisex,1247000.0,50,4.3,984,Clearance,2024-04-17,13.7,2.7,f
428,Nike Sandals Classic,Nike,Sandals,Green,Unisex,1396000.0,30,4.3,616,Discontinued,2023-06-10,16.6,2.7,f
429,Puma Football Pro,Puma,Football,Red,Men,2325000.0,20,3.5,125,Discontinued,2021-01-14,25.7,1.3,f
430,Reebok Running Pro,Reebok,Running,Purple,Women,1996000.0,0,4.2,593,Clearance,2023-06-17,84.8,2.7,t
431,Converse Basketball Classic,Converse,Basketball,Green,Men,1006000.0,50,4.7,397,Discontinued,2020-07-01,50.6,3.2,f
432,Puma Running Elite,Puma,Running,Orange,Women,1984000.0,0,4.6,164,New,2023-08-06,9.1,2.4,t
433,Converse Basketball Elite,Converse,Basketball,Black,Women,2811000.0,40,4.4,809,Discontinued,2020-09-15,3.0,3.4,t
434,Puma Basketball Lite,Puma,Basketball,Orange,Women,1571000.0,40,3.9,188,Regular,2023-09-10,97.6,3.6,t
435,Puma Basketball Lite,Puma,Basketball,Orange,Unisex,1424000.0,30,4.6,61,Discontinued,2021-04-29,44.5,1.7,t
436,Nike Tennis Pro,Nike,Tennis,Black,Unisex,627000.0,10,4.7,780,Discontinued,2021-03-25,56.7,3.0,t
437,Adidas Badminton Ultra,Adidas,Badminton,Blue,Men,2148000.0,30,3.8,974,Clearance,2021-02-07,99.7,2.5,t
438,Nike Football Ultra,Nike,Football,Purple,Men,2347000.0,20,4.3,239,Regular,2024-02-14,65.4,3.0,t
439,Reebok Running Classic,Reebok,Running,Grey,Unisex,1915000.0,0,4.1,809,Clearance,2024-02-09,44.4,4.8,t
440,Converse Casual Elite,Converse,Casual,Red,Unisex,1443000.0,40,3.8,885,Regular,2020-11-21,86.0,1.9,t
441,Puma Basketball Lite,Puma,Basketball,Grey,Men,2816000.0,50,3.9,330,Clearance,2022-12-30,63.9,1.1,t
442,Adidas Casual Classic,Adidas,Casual,Purple,Men,1360000.0,0,3.8,158,Discontinued,2022-09-15,50.6,3.8,t
443,Adidas Sandals Classic,Adidas,Sandals,Orange,Unisex,2124000.0,30,4.7,479,Clearance,2023-09-26,73.4,4.6,t
444,Converse Tennis Lite,Converse,Tennis,Blue,Unisex,2855000.0,0,4.5,240,New,2024-10-07,59.8,1.1,f
445,Adidas Basketball Lite,Adidas,Basketball,White,Women,1315000.0,10,3.9,965,Discontinued,2020-10-08,39.3,1.2,t
446,Converse Badminton Ultra,Converse,Badminton,Red,Unisex,2157000.0,20,4.9,420,Clearance,2023-01-06,18.7,4.9,t
447,Converse Sandals Pro,Converse,Sandals,Red,Men,2558000.0,20,4.1,983,Regular,2022-06-20,53.5,2.1,t
448,Nike Tennis Ultra,Nike,Tennis,Black,Unisex,2211000.0,0,3.7,361,Regular,2023-07-05,29.9,4.0,t
449,Converse Casual Ultra,Converse,Casual,White,Men,1152000.0,20,4.1,947,Discontinued,2023-11-27,90.3,4.2,t
450,Nike Basketball Lite,Nike,Basketball,Navy,Women,2677000.0,0,4.4,200,Discontinued,2021-05-31,29.9,1.9,t
451,Converse Badminton Pro,Converse,Badminton,Grey,Women,1232000.0,40,3.7,228,Discontinued,2021-07-31,59.2,2.7,t
452,Converse Sandals Ultra,Converse,Sandals,Purple,Men,1794000.0,50,3.6,569,Discontinued,2022-07-22,66.1,1.3,t
453,Nike Running Ultra,Nike,Running,Blue,Unisex,1440000.0,30,4.1,613,Discontinued,2023-06-12,88.6,2.8,t
454,Puma Badminton Pro,Puma,Badminton,Navy,Women,1125000.0,40,4.5,279,Clearance,2023-08-15,73.1,2.9,t
455,Adidas Tennis Lite,Adidas,Tennis,Green,Men,2278000.0,20,4.3,936,New,2024-05-12,19.9,3.1,t
456,Adidas Tennis Lite,Adidas,Tennis,Pink,Men,2203000.0,0,4.8,463,Regular,2022-06-07,18.7,3.1,t
457,Converse Tennis Lite,Converse,Tennis,Purple,Unisex,1529000.0,0,3.5,869,New,2024-09-14,39.6,1.2,t
458,Adidas Running Lite,Adidas,Running,Purple,Women,2460000.0,0,4.3,898,New,2021-12-01,38.5,4.5,t
459,Adidas Badminton Classic,Adidas,Badminton,Grey,Unisex,1157000.0,20,3.7,467,Discontinued,2021-08-27,22.2,2.7,t
460,Converse Football Elite,Converse,Football,Purple,Men,910000.0,10,3.7,206,Clearance,2020-09-06,86.3,4.7,f
461,Puma Tennis Elite,Puma,Tennis,Blue,Women,2504000.0,10,4.5,244,Regular,2024-08-04,93.6,3.8,t
462,Reebok Sandals Pro,Reebok,Sandals,Navy,Unisex,1835000.0,40,4.7,363,Clearance,2021-06-18,54.1,2.1,t
463,Converse Running Classic,Converse,Running,Pink,Women,2470000.0,40,3.9,723,Discontinued,2022-04-13,96.9,3.4,t
464,Converse Basketball Pro,Converse,Basketball,Grey,Unisex,2336000.0,30,4.2,502,Discontinued,2020-09-07,57.3,3.7,f
465,Reebok Badminton Lite,Reebok,Badminton,Grey,Women,2713000.0,0,4.6,335,Discontinued,2020-09-07,34.6,3.3,t
466,Adidas Casual Elite,Adidas,Casual,Navy,Women,2923000.0,40,3.8,451,Clearance,2023-03-21,63.8,1.1,t
467,Nike Casual Elite,Nike,Casual,Pink,Men,693000.0,0,5.0,633,Discontinued,2021-12-22,81.9,2.0,t
468,Reebok Badminton Classic,Reebok,Badminton,Orange,Women,814000.0,10,3.9,638,Regular,2023-05-01,74.5,1.4,t
469,Nike Casual Pro,Nike,Casual,White,Unisex,1695000.0,0,4.8,44,Discontinued,2024-05-12,24.7,3.2,t
470,Converse Football Elite,Converse,Football,Black,Men,1468000.0,0,3.8,769,New,2020-05-21,80.9,4.7,f
471,Reebok Football Elite,Reebok,Football,Navy,Men,994000.0,20,3.6,152,Discontinued,2024-01-10,92.3,2.7,f
472,Reebok Badminton Classic,Reebok,Badminton,Purple,Men,1390000.0,30,4.1,372,Regular,2021-11-12,3.3,4.8,t
473,Reebok Sandals Lite,Reebok,Sandals,Blue,Unisex,1121000.0,10,4.7,931,Clearance,2022-05-23,77.7,1.3,f
474,Reebok Running Pro,Reebok,Running,Red,Women,1459000.0,20,3.9,559,New,2023-02-17,87.9,3.7,f
475,Reebok Running Lite,Reebok,Running,Green,Men,874000.0,30,3.8,682,Clearance,2020-08-04,16.2,4.2,t
476,Puma Running Pro,Puma,Running,Green,Women,2750000.0,0,4.8,585,Regular,2024-10-16,94.6,1.6,t
477,Reebok Running Elite,Reebok,Running,Navy,Unisex,1880000.0,40,4.4,784,Regular,2022-05-15,41.3,2.9,t
478,Reebok Running Elite,Reebok,Running,Orange,Men,2922000.0,50,4.1,888,Regular,2022-07-29,58.2,1.8,t
479,Reebok Football Pro,Reebok,Football,Grey,Men,1784000.0,50,4.2,682,Regular,2024-01-14,48.8,3.2,t
480,Converse Badminton Pro,Converse,Badminton,Navy,Women,590000.0,0,4.9,215,Regular,2024-07-24,93.4,3.9,t
481,Reebok Badminton Lite,Reebok,Badminton,Green,Women,1720000.0,0,4.4,788,Clearance,2020-12-19,14.8,3.4,t
482,Converse Sandals Pro,Converse,Sandals,Navy,Unisex,2223000.0,0,4.4,166,New,2024-05-26,1.4,4.8,t
483,Reebok Football Pro,Reebok,Football,Pink,Men,1185000.0,30,4.8,496,Discontinued,2022-09-11,32.5,2.5,t
484,Reebok Badminton Ultra,Reebok,Badminton,Navy,Unisex,1810000.0,20,4.8,809,New,2022-06-12,92.0,2.9,f
485,Reebok Tennis Elite,Reebok,Tennis,White,Unisex,802000.0,20,4.2,85,Clearance,2021-04-15,68.3,2.6,t
486,Puma Badminton Pro,Puma,Badminton,White,Men,2722000.0,40,4.6,806,Clearance,2023-08-05,1.2,2.4,t
487,Adidas Tennis Pro,Adidas,Tennis,Purple,Women,1988000.0,10,4.8,625,Regular,2023-01-04,38.2,4.0,t
488,Nike Casual Lite,Nike,Casual,Grey,Women,1360000.0,20,4.1,879,Discontinued,2020-10-05,66.4,3.2,t
489,Adidas Sandals Elite,Adidas,Sandals,Blue,Unisex,1850000.0,0,4.0,265,New,2023-11-10,71.7,4.0,t
490,Adidas Basketball Pro,Adidas,Basketball,Pink,Unisex,655000.0,0,3.6,823,Regular,2020-09-18,86.5,1.3,t
491,Nike Running Ultra,Nike,Running,Grey,Women,1164000.0,0,3.7,202,Regular,2021-01-19,11.0,2.7,t
492,Puma Basketball Classic,Puma,Basketball,Black,Men,554000.0,0,4.4,456,Regular,2024-06-19,39.5,2.6,t
493,Nike Tennis Lite,Nike,Tennis,Grey,Women,2935000.0,10,4.7,839,Discontinued,2023-05-13,10.0,3.1,t
494,Reebok Tennis Ultra,Reebok,Tennis,Pink,Women,807000.0,20,4.1,972,New,2022-04-21,99.0,1.4,t
495,Puma Tennis Elite,Puma,Tennis,Purple,Women,829000.0,50,4.3,797,New,2020-05-04,93.4,4.5,t
496,Nike Sandals Lite,Nike,Sandals,Pink,Women,2011000.0,30,3.6,907,New,2022-03-08,55.7,2.5,t
497,Reebok Casual Ultra,Reebok,Casual,Red,Unisex,1566000.0,10,4.8,915,Regular,2022-09-14,6.4,4.1,f
498,Puma Sandals Lite,Puma,Sandals,Orange,Women,2128000.0,20,4.3,785,Clearance,2020-03-20,57.5,4.5,f
499,Adidas Tennis Ultra,Adidas,Tennis,Green,Men,2437000.0,0,4.6,993,Discontinued,2024-07-27,3.2,3.0,f
500,Converse Football Ultra,Converse,Football,Blue,Unisex,1212000.0,20,3.7,620,Clearance,2021-07-21,50.3,1.2,t
501,Reebok Casual Pro,Reebok,Casual,Orange,Men,1551000.0,50,4.8,543,Discontinued,2022-03-01,55.3,1.5,t
502,Puma Badminton Ultra,Puma,Badminton,Purple,Women,1761000.0,50,4.8,622,New,2021-04-13,26.0,4.4,t
503,Nike Casual Pro,Nike,Casual,Grey,Men,2240000.0,10,3.6,503,Regular,2021-09-29,5.0,1.7,t
504,Reebok Basketball Ultra,Reebok,Basketball,Orange,Women,653000.0,20,4.7,401,Clearance,2021-05-22,28.7,2.9,t
505,Puma Basketball Elite,Puma,Basketball,Pink,Unisex,2306000.0,0,4.8,985,New,2020-01-23,46.1,3.1,t
506,Reebok Sandals Classic,Reebok,Sandals,Navy,Men,2406000.0,0,4.7,680,New,2023-09-08,91.9,1.0,t
507,Adidas Casual Lite,Adidas,Casual,Purple,Unisex,2965000.0,30,3.9,806,Discontinued,2020-11-02,41.6,3.4,t
508,Puma Tennis Lite,Puma,Tennis,Orange,Unisex,2909000.0,0,4.8,202,Discontinued,2021-01-25,84.8,4.8,t
509,Converse Football Pro,Converse,Football,Green,Unisex,2419000.0,40,3.9,432,Discontinued,2020-04-03,17.4,4.9,t
510,Adidas Basketball Pro,Adidas,Basketball,Purple,Men,623000.0,10,4.5,809,Regular,2022-10-25,88.0,4.2,t
511,Puma Badminton Lite,Puma,Badminton,Orange,Men,2847000.0,20,3.9,161,Discontinued,2022-07-25,92.3,4.4,t
512,Nike Badminton Pro,Nike,Badminton,Purple,Women,1157000.0,30,3.9,915,Clearance,2020-07-26,41.3,4.3,t
513,Converse Sandals Pro,Converse,Sandals,Navy,Men,1557000.0,0,4.0,280,Discontinued,2024-05-15,61.9,3.6,t
514,Converse Basketball Classic,Converse,Basketball,Blue,Men,2025000.0,10,3.7,268,Discontinued,2020-04-02,67.3,2.7,f
515,Converse Football Ultra,Converse,Football,Green,Women,1987000.0,30,4.1,258,Discontinued,2023-01-30,26.5,4.9,t
516,Converse Running Lite,Converse,Running,Red,Men,2624000.0,0,3.6,85,Regular,2021-11-14,95.1,3.5,t
517,Converse Running Elite,Converse,Running,White,Unisex,2254000.0,10,4.1,51,Clearance,2024-11-05,15.9,4.6,t
518,Adidas Badminton Pro,Adidas,Badminton,Black,Unisex,1937000.0,0,3.7,582,New,2022-04-16,18.8,1.3,t
519,Reebok Casual Pro,Reebok,Casual,Blue,Women,1847000.0,0,4.9,24,Regular,2023-03-17,80.2,4.0,t
520,Puma Sandals Classic,Puma,Sandals,Pink,Women,619000.0,0,4.4,969,Discontinued,2021-04-25,8.9,1.2,t
521,Nike Running Elite,Nike,Running,Grey,Unisex,2800000.0,0,4.8,624,Discontinued,2024-06-06,21.2,4.9,t
522,Puma Sandals Elite,Puma,Sandals,Pink,Men,1015000.0,20,4.5,333,Discontinued,2024-03-21,35.0,2.3,t
523,Nike Football Elite,Nike,Football,Navy,Men,2739000.0,0,4.0,386,New,2024-01-17,67.2,2.5,t
524,Nike Football Pro,Nike,Football,Black,Unisex,583000.0,40,4.2,734,Clearance,2024-03-17,71.4,3.7,t
525,Reebok Basketball Classic,Reebok,Basketball,Purple,Men,1812000.0,0,4.5,916,New,2020-11-13,81.1,1.4,f
526,Reebok Sandals Ultra,Reebok,Sandals,Black,Unisex,2138000.0,20,4.4,852,Discontinued,2023-01-23,86.9,1.9,t
527,Reebok Casual Elite,Reebok,Casual,Orange,Women,1856000.0,0,4.2,739,New,2022-01-24,23.0,2.8,t
528,Puma Sandals Ultra,Puma,Sandals,Purple,Men,584000.0,0,4.6,850,Discontinued,2021-03-14,99.3,2.8,t
529,Converse Football Lite,Converse,Football,Grey,Men,2315000.0,20,4.6,838,Discontinued,2021-04-04,13.2,4.9,t
530,Nike Tennis Classic,Nike,Tennis,Navy,Men,2166000.0,0,3.9,327,Clearance,2020-06-16,62.4,1.5,t
531,Nike Sandals Pro,Nike,Sandals,Blue,Women,2743000.0,10,5.0,71,Discontinued,2021-09-14,37.6,2.6,f
532,Puma Tennis Classic,Puma,Tennis,White,Men,1229000.0,30,4.3,117,Clearance,2020-06-06,21.8,4.8,f
533,Adidas Running Pro,Adidas,Running,Red,Men,2230000.0,50,4.3,881,Regular,2021-04-04,38.8,1.3,t
534,Puma Casual Ultra,Puma,Casual,Navy,Women,2647000.0,30,5.0,157,Clearance,2021-02-13,97.9,2.9,t
535,Puma Tennis Pro,Puma,Tennis,Purple,Men,1486000.0,40,4.3,459,Discontinued,2021-10-18,66.1,3.6,t
536,Converse Basketball Ultra,Converse,Basketball,Navy,Women,2635000.0,20,4.3,515,New,2021-07-10,43.3,4.4,t
537,Puma Sandals Classic,Puma,Sandals,Blue,Men,2807000.0,30,4.2,508,Discontinued,2021-04-08,93.8,3.3,t
538,Adidas Running Classic,Adidas,Running,Orange,Women,1836000.0,0,3.9,857,New,2022-06-20,1.0,2.1,t
539,Nike Basketball Elite,Nike,Basketball,Green,Women,2159000.0,50,4.0,689,Regular,2023-06-16,61.8,1.7,t
540,Puma Sandals Classic,Puma,Sandals,Red,Women,1687000.0,10,4.1,252,New,2022-11-11,28.2,1.9,t
541,Adidas Casual Lite,Adidas,Casual,Navy,Unisex,1190000.0,0,4.5,771,Discontinued,2023-07-18,81.7,4.0,t
542,Reebok Casual Lite,Reebok,Casual,Orange,Men,1163000.0,0,4.3,95,Regular,2023-07-01,0.5,4.3,t
543,Puma Basketball Elite,Puma,Basketball,White,Unisex,2661000.0,50,4.3,14,Clearance,2021-12-17,63.8,3.2,t
544,Converse Tennis Ultra,Converse,Tennis,White,Men,2308000.0,20,4.1,84,Regular,2023-03-18,69.9,3.5,t
545,Nike Basketball Elite,Nike,Basketball,Pink,Men,2952000.0,0,4.3,129,Discontinued,2024-07-08,88.6,2.9,t
546,Puma Football Classic,Puma,Football,Green,Women,2532000.0,30,4.6,965,Clearance,2022-03-09,67.7,3.0,t
547,Nike Running Elite,Nike,Running,Red,Men,1974000.0,10,4.3,562,New,2024-08-29,87.7,1.9,t
548,Puma Basketball Ultra,Puma,Basketball,Red,Unisex,1044000.0,0,4.8,748,Clearance,2022-08-18,10.1,2.9,f
549,Converse Football Ultra,Converse,Football,White,Men,1734000.0,20,4.9,219,New,2024-09-09,20.2,1.2,t
550,Adidas Football Classic,Adidas,Football,Pink,Women,1812000.0,10,3.6,68,Regular,2020-05-15,71.5,3.5,f
551,Reebok Sandals Elite,Reebok,Sandals,Red,Men,2696000.0,0,4.3,827,Clearance,2022-08-10,48.0,3.2,t
552,Puma Sandals Lite,Puma,Sandals,Grey,Women,781000.0,0,4.3,363,Regular,2021-06-19,64.8,4.2,f
553,Nike Running Classic,Nike,Running,Green,Men,1783000.0,50,4.0,273,Clearance,2021-10-03,9.4,3.2,t
554,Nike Tennis Pro,Nike,Tennis,Red,Women,991000.0,30,4.3,545,Clearance,2021-11-06,95.3,2.9,t
555,Converse Running Classic,Converse,Running,Pink,Unisex,2742000.0,40,4.3,591,Clearance,2024-12-05,75.3,4.4,f
556,Reebok Basketball Pro,Reebok,Basketball,Green,Women,695000.0,30,4.7,687,Discontinued,2020-11-19,5.3,2.3,t
557,Reebok Tennis Lite,Reebok,Tennis,Orange,Unisex,1963000.0,40,4.8,523,Clearance,2024-06-07,39.4,2.2,t
558,Adidas Running Pro,Adidas,Running,White,Women,894000.0,10,3.7,135,New,2021-05-04,0.2,4.9,t
559,Reebok Tennis Lite,Reebok,Tennis,White,Women,699000.0,0,3.8,350,Regular,2024-10-27,86.9,4.9,t
560,Converse Football Ultra,Converse,Football,Purple,Unisex,2612000.0,50,3.9,974,Discontinued,2021-10-28,82.7,2.4,t
561,Reebok Basketball Pro,Reebok,Basketball,Orange,Unisex,2350000.0,10,5.0,578,Discontinued,2022-05-05,98.1,4.6,t
562,Nike Tennis Classic,Nike,Tennis,Pink,Unisex,861000.0,10,4.6,947,New,2024-11-16,19.9,1.9,t
563,Puma Running Elite,Puma,Running,Orange,Women,2227000.0,30,4.7,922,New,2024-02-05,17.9,4.9,t
564,Reebok Sandals Lite,Reebok,Sandals,Purple,Women,2653000.0,10,4.5,397,Regular,2024-08-16,62.1,2.9,t
565,Adidas Badminton Lite,Adidas,Badminton,Grey,Unisex,1885000.0,40,4.0,615,Clearance,2021-12-11,35.4,4.8,t
566,Converse Casual Lite,Converse,Casual,Black,Unisex,1849000.0,10,4.3,57,Discontinued,2021-02-27,25.0,3.0,t
567,Reebok Badminton Ultra,Reebok,Badminton,Blue,Men,984000.0,20,4.4,452,Regular,2020-12-07,70.1,1.5,f
568,Reebok Tennis Classic,Reebok,Tennis,Black,Unisex,2524000.0,40,4.4,491,Clearance,2023-09-02,7.5,3.5,t
569,Nike Running Elite,Nike,Running,Grey,Unisex,1876000.0,40,3.9,406,Regular,2023-09-28,41.9,2.2,t
570,Converse Basketball Ultra,Converse,Basketball,Red,Men,1734000.0,30,4.3,427,Regular,2024-12-08,22.4,2.7,t
571,Nike Football Pro,Nike,Football,Red,Unisex,527000.0,10,4.6,546,Regular,2020-07-28,38.5,1.5,t
572,Nike Running Elite,Nike,Running,White,Women,1770000.0,10,4.1,701,Clearance,2021-03-18,45.2,3.1,t
573,Reebok Casual Elite,Reebok,Casual,White,Women,574000.0,0,4.0,974,Regular,2021-08-12,50.0,4.2,t
574,Adidas Sandals Pro,Adidas,Sandals,Orange,Men,922000.0,0,4.0,332,New,2020-06-27,36.2,1.1,t
575,Converse Casual Classic,Converse,Casual,Black,Unisex,1967000.0,0,4.9,686,Clearance,2020-10-15,58.9,4.9,f
576,Nike Football Pro,Nike,Football,Purple,Men,1539000.0,30,3.8,296,Discontinued,2024-06-28,54.7,4.7,f
577,Adidas Badminton Elite,Adidas,Badminton,Green,Unisex,2876000.0,10,3.8,136,Regular,2021-09-30,33.3,4.2,t
578,Puma Basketball Pro,Puma,Basketball,Blue,Unisex,838000.0,30,3.6,898,Clearance,2022-11-28,19.1,2.1,t
579,Reebok Sandals Ultra,Reebok,Sandals,Orange,Men,1078000.0,20,3.6,166,Regular,2020-02-17,10.9,3.7,t
580,Nike Badminton Classic,Nike,Badminton,Blue,Women,870000.0,0,4.8,842,Regular,2020-08-13,71.9,2.4,t
581,Puma Tennis Classic,Puma,Tennis,Purple,Men,2063000.0,20,3.7,456,Regular,2023-09-18,7.6,2.9,t
582,Puma Football Classic,Puma,Football,Pink,Women,1101000.0,40,4.7,274,New,2024-09-11,84.1,1.4,t
583,Reebok Running Classic,Reebok,Running,Pink,Men,1277000.0,20,3.9,219,New,2024-06-26,57.7,2.3,t
584,Adidas Running Ultra,Adidas,Running,Black,Women,1443000.0,0,4.1,589,Discontinued,2021-07-27,87.7,4.8,t
585,Puma Sandals Ultra,Puma,Sandals,Navy,Men,2673000.0,0,3.9,567,Clearance,2020-03-30,90.5,4.8,f
586,Nike Sandals Elite,Nike,Sandals,Blue,Women,2606000.0,20,4.9,331,Regular,2022-08-23,25.2,1.5,t
587,Puma Running Ultra,Puma,Running,Blue,Women,1994000.0,0,4.6,976,Regular,2024-07-28,93.8,3.7,t
588,Reebok Basketball Lite,Reebok,Basketball,Red,Men,1691000.0,10,3.8,610,New,2024-06-03,90.4,4.8,t
589,Reebok Football Elite,Reebok,Football,Black,Unisex,2069000.0,0,3.6,560,Discontinued,2024-02-18,70.0,3.2,f
590,Reebok Sandals Elite,Reebok,Sandals,White,Unisex,1006000.0,50,4.7,177,Clearance,2022-12-07,24.2,2.9,t
591,Puma Badminton Elite,Puma,Badminton,Green,Men,1915000.0,40,4.8,782,Regular,2024-09-25,94.2,1.1,t
592,Reebok Sandals Elite,Reebok,Sandals,Blue,Women,1244000.0,0,4.7,634,Discontinued,2020-12-02,43.8,3.9,t
593,Nike Running Classic,Nike,Running,White,Men,1400000.0,0,4.8,13,Discontinued,2021-09-08,13.5,1.4,t
594,Nike Casual Ultra,Nike,Casual,Navy,Men,2307000.0,0,4.1,496,New,2021-05-19,71.4,3.8,f
595,Puma Football Classic,Puma,Football,Navy,Women,1402000.0,0,4.8,617,Discontinued,2021-10-24,66.5,2.6,t
596,Reebok Sandals Pro,Reebok,Sandals,Green,Men,1244000.0,20,4.7,570,Clearance,2024-09-24,5.9,3.2,f
597,Adidas Casual Pro,Adidas,Casual,Pink,Unisex,1754000.0,0,4.1,38,Regular,2024-11-29,48.4,1.9,t
598,Nike Basketball Ultra,Nike,Basketball,Red,Men,1615000.0,10,3.8,277,Clearance,2020-04-01,6.1,2.1,t
599,Reebok Sandals Pro,Reebok,Sandals,Pink,Men,1371000.0,20,3.8,709,New,2023-10-02,3.7,3.1,t
600,Puma Sandals Elite,Puma,Sandals,Blue,Women,1788000.0,20,3.6,389,Clearance,2023-06-05,87.3,4.4,t
